,GLCptspp,PGI,PFK,FBA,TPI,PGK,GAPD,ENO,PGM,PYK,PDH,G6PDH2r,PGL,GND,RPE,RPI,TKT1,TALA,TKT2,CS,ACONTb,ACONTa,ICDHyr,SUCOAS,AKGDH,SUCDi,FUM,MDH,PPC,ME2,ICL,MALS,ACKr,PTAr,LDH_D,ACALD,ALCD2x,EX_co2_e_,EX_etoh_e_,EX_ac_e_,EX_lac_D_e_,EX_succ_e_,EX_pyr_e_,EX_for_e_,Ec_biomass_iAF1260_core_59p81M
score,135.0,146.0,30.0,30.0,141.0,147.0,147.0,124.0,124.0,0.0,34.0,190.0,215.0,215.0,197.0,217.0,203.0,203.0,204.0,0.0,0.0,0.0,7.0,1.0,4.0,0.0,1.0,0.0,26.0,0.0,0.0,0.0,105.0,105.0,0.0,0.0,0.0,73.0,0.0,78.0,0.0,3.0,91.0,88.0,150.0
pvalue,0.07598886638879776,0.1260332576930523,7.577240467071533e-06,7.577240467071533e-06,0.1008644811809063,0.13159068673849106,0.13159068673849106,0.04312055930495262,0.04312055930495262,3.725290298461914e-09,1.3809651136398315e-05,0.5647306069731712,0.966034073382616,0.966034073382616,0.6699504218995571,1.0,0.7655419819056988,0.7655419819056988,0.7818621210753918,3.725290298461914e-09,3.725290298461914e-09,3.725290298461914e-09,7.078051567077637e-08,7.450580596923828e-09,2.60770320892334e-08,3.725290298461914e-09,7.450580596923828e-09,3.725290298461914e-09,3.982335329055786e-06,3.725290298461914e-09,3.725290298461914e-09,3.725290298461914e-09,0.013825550675392151,0.013825550675392151,3.725290298461914e-09,3.725290298461914e-09,3.725290298461914e-09,0.0011698119342327118,3.725290298461914e-09,0.0018163397908210754,3.725290298461914e-09,1.862645149230957e-08,0.00516427680850029,0.004106286913156509,0.14936558529734612
