,GLCptspp,PGI,PFK,FBA,TPI,PGK,GAPD,ENO,PGM,PYK,PDH,G6PDH2r,PGL,GND,RPE,RPI,TKT1,TALA,TKT2,CS,ACONTb,ACONTa,ICDHyr,SUCOAS,AKGDH,SUCDi,FUM,MDH,PPC,ME2,ICL,MALS,ACKr,PTAr,LDH_D,ACALD,ALCD2x,EX_co2_e_,EX_etoh_e_,EX_ac_e_,EX_lac_D_e_,EX_succ_e_,EX_pyr_e_,EX_for_e_,Ec_biomass_iAF1260_core_59p81M
score,177.0,162.0,28.0,28.0,196.0,212.0,212.0,185.0,185.0,0.0,30.0,164.0,146.0,146.0,153.0,131.0,158.0,158.0,158.0,1.0,1.0,1.0,23.0,7.0,20.0,0.0,6.0,0.0,4.0,0.0,0.0,0.0,104.0,104.0,0.0,0.0,0.0,64.0,0.0,57.0,0.0,3.0,171.0,88.0,84.0
pvalue,0.39265386015176773,0.23825867101550102,5.5246055126190186e-06,5.5246055126190186e-06,0.6544641703367233,0.9152156375348568,0.9152156375348568,0.4946499206125736,0.4946499206125736,3.725290298461914e-09,7.577240467071533e-06,0.25600792095065117,0.1260332576930523,0.1260332576930523,0.16885415464639664,0.0622917003929615,0.2053302302956581,0.2053302302956581,0.2053302302956581,7.450580596923828e-09,7.450580596923828e-09,7.450580596923828e-09,2.384185791015625e-06,7.078051567077637e-08,1.3820827007293701e-06,3.725290298461914e-09,5.21540641784668e-08,3.725290298461914e-09,2.60770320892334e-08,3.725290298461914e-09,3.725290298461914e-09,3.725290298461914e-09,0.012943167239427567,0.012943167239427567,3.725290298461914e-09,3.725290298461914e-09,3.725290298461914e-09,0.0004987679421901703,3.725290298461914e-09,0.00024197623133659363,3.725290298461914e-09,1.862645149230957e-08,0.32500122487545013,0.004106286913156509,0.0029922761023044586
