,GLCptspp,PGI,PFK,FBA,TPI,PGK,GAPD,ENO,PGM,PYK,PDH,G6PDH2r,PGL,GND,RPE,RPI,TKT1,TALA,TKT2,CS,ACONTb,ACONTa,ICDHyr,SUCOAS,AKGDH,SUCDi,FUM,MDH,PPC,ME2,ICL,MALS,ACKr,PTAr,LDH_D,ACALD,ALCD2x,EX_co2_e_,EX_etoh_e_,EX_ac_e_,EX_lac_D_e_,EX_succ_e_,EX_pyr_e_,EX_for_e_,Ec_biomass_iAF1260_core_59p81M
score,127.0,146.0,38.0,38.0,154.0,147.0,147.0,139.0,139.0,0.0,43.0,153.0,147.0,147.0,148.0,140.0,155.0,155.0,143.0,0.0,0.0,0.0,28.0,3.0,16.0,0.0,11.0,0.0,10.0,0.0,0.0,0.0,90.0,90.0,0.0,17.0,17.0,78.0,2.0,78.0,0.0,0.0,1.0,85.0,131.0
pvalue,0.05064401775598526,0.1260332576930523,2.4273991584777832e-05,2.4273991584777832e-05,0.17574355751276016,0.13159068673849106,0.13159068673849106,0.09195835143327713,0.09195835143327713,3.725290298461914e-09,4.700571298599243e-05,0.16885415464639664,0.13159068673849106,0.13159068673849106,0.13732990622520447,0.09633177518844604,0.18283364921808243,0.18283364921808243,0.1104210764169693,3.725290298461914e-09,3.725290298461914e-09,3.725290298461914e-09,5.5246055126190186e-06,1.862645149230957e-08,6.295740604400635e-07,3.725290298461914e-09,2.0489096641540527e-07,3.725290298461914e-09,1.601874828338623e-07,3.725290298461914e-09,3.725290298461914e-09,3.725290298461914e-09,0.004787962883710861,0.004787962883710861,3.725290298461914e-09,7.711350917816162e-07,7.711350917816162e-07,0.0018163397908210754,1.1175870895385742e-08,0.0018163397908210754,3.725290298461914e-09,3.725290298461914e-09,7.450580596923828e-09,0.0032424964010715485,0.0622917003929615
