,GLCptspp,PGI,PFK,FBA,TPI,PGK,GAPD,ENO,PGM,PYK,PDH,G6PDH2r,PGL,GND,RPE,RPI,TKT1,TALA,TKT2,CS,ACONTb,ACONTa,ICDHyr,SUCOAS,AKGDH,SUCDi,FUM,MDH,PPC,ME2,ICL,MALS,ACKr,PTAr,LDH_D,ACALD,ALCD2x,EX_co2_e_,EX_etoh_e_,EX_ac_e_,EX_lac_D_e_,EX_succ_e_,EX_pyr_e_,EX_for_e_,Ec_biomass_iAF1260_core_59p81M
score,123.0,133.0,38.0,38.0,153.0,140.0,140.0,126.0,126.0,0.0,44.0,159.0,149.0,149.0,153.0,152.0,157.0,157.0,143.0,0.0,0.0,0.0,22.0,2.0,13.0,0.0,6.0,0.0,8.0,0.0,0.0,0.0,90.0,90.0,0.0,0.0,0.0,75.0,0.0,74.0,0.0,0.0,1.0,84.0,144.0
pvalue,0.040825653821229935,0.0688701830804348,2.4273991584777832e-05,2.4273991584777832e-05,0.16885415464639664,0.09633177518844604,0.09633177518844604,0.04802640900015831,0.04802640900015831,3.725290298461914e-09,5.336105823516846e-05,0.21324460953474045,0.1432539001107216,0.1432539001107216,0.16885415464639664,0.16216303035616875,0.19762490689754486,0.19762490689754486,0.1104210764169693,3.725290298461914e-09,3.725290298461914e-09,3.725290298461914e-09,1.996755599975586e-06,1.1175870895385742e-08,3.2782554626464844e-07,3.725290298461914e-09,5.21540641784668e-08,3.725290298461914e-09,9.313225746154785e-08,3.725290298461914e-09,3.725290298461914e-09,3.725290298461914e-09,0.004787962883710861,0.004787962883710861,3.725290298461914e-09,3.725290298461914e-09,3.725290298461914e-09,0.0013987235724925995,3.725290298461914e-09,0.0012797452509403229,3.725290298461914e-09,3.725290298461914e-09,7.450580596923828e-09,0.0029922761023044586,0.1154516153037548
