,GLCptspp,PGI,PFK,FBA,TPI,PGK,GAPD,ENO,PGM,PYK,PDH,G6PDH2r,PGL,GND,RPE,RPI,TKT1,TALA,TKT2,CS,ACONTb,ACONTa,ICDHyr,SUCOAS,AKGDH,SUCDi,FUM,MDH,PPC,ME2,ICL,MALS,ACKr,PTAr,LDH_D,ACALD,ALCD2x,EX_co2_e_,EX_etoh_e_,EX_ac_e_,EX_lac_D_e_,EX_succ_e_,EX_pyr_e_,EX_for_e_,Ec_biomass_iAF1260_core_59p81M
score,117.0,114.0,42.0,42.0,183.0,199.0,113.0,192.0,184.0,0.0,44.0,214.0,180.0,178.0,117.0,95.0,206.0,206.0,188.0,1.0,1.0,1.0,29.0,9.0,3.0,0.0,4.0,1.0,35.0,0.0,0.0,1.0,89.0,88.0,0.0,0.0,0.0,78.0,0.0,77.0,0.0,0.0,1.0,84.0,178.0
pvalue,0.029064036905765533,0.02433420717716217,4.13358211517334e-05,4.13358211517334e-05,0.46793800592422485,0.7013288475573063,0.022908341139554977,0.5940011255443096,0.48119615763425827,3.725290298461914e-09,5.336105823516846e-05,0.9490697756409645,0.4293668270111084,0.40468135103583336,0.029064036905765533,0.006938289850950241,0.8147765882313251,0.8147765882313251,0.5361509844660759,7.450580596923828e-09,7.450580596923828e-09,7.450580596923828e-09,6.4782798290252686e-06,1.2293457984924316e-07,1.862645149230957e-08,3.725290298461914e-09,2.60770320892334e-08,7.450580596923828e-09,1.5951693058013916e-05,3.725290298461914e-09,3.725290298461914e-09,7.450580596923828e-09,0.004435725510120392,0.004106286913156509,3.725290298461914e-09,3.725290298461914e-09,3.725290298461914e-09,0.0018163397908210754,3.725290298461914e-09,0.001666329801082611,3.725290298461914e-09,3.725290298461914e-09,7.450580596923828e-09,0.0029922761023044586,0.40468135103583336
