,GLCptspp,PGI,PFK,FBA,TPI,PGK,GAPD,ENO,PGM,PYK,PDH,G6PDH2r,PGL,GND,RPE,RPI,TKT1,TALA,TKT2,CS,ACONTb,ACONTa,ICDHyr,SUCOAS,AKGDH,SUCDi,FUM,MDH,PPC,ME2,ICL,MALS,ACKr,PTAr,LDH_D,ACALD,ALCD2x,EX_co2_e_,EX_etoh_e_,EX_ac_e_,EX_lac_D_e_,EX_succ_e_,EX_pyr_e_,EX_for_e_,Ec_biomass_iAF1260_core_59p81M
score,199.0,130.0,11.0,11.0,161.0,190.0,190.0,165.0,165.0,28.0,70.0,193.0,160.0,160.0,167.0,154.0,172.0,172.0,160.0,30.0,30.0,30.0,61.0,44.0,56.0,30.0,38.0,30.0,41.0,62.0,22.0,22.0,104.0,104.0,0.0,153.0,153.0,74.0,147.0,65.0,0.0,155.0,177.0,198.0,119.0
pvalue,0.7013288475573063,0.05919632688164711,2.0489096641540527e-07,2.0489096641540527e-07,0.2297072820365429,0.5647306069731712,0.5647306069731712,0.2652079239487648,0.2652079239487648,5.5246055126190186e-06,0.0008884184062480927,0.608884047716856,0.22136975452303886,0.22136975452303886,0.2842625416815281,0.17574355751276016,0.33573371544480324,0.33573371544480324,0.22136975452303886,7.577240467071533e-06,7.577240467071533e-06,7.577240467071533e-06,0.000368364155292511,5.336105823516846e-05,0.00021718069911003113,7.577240467071533e-06,2.4273991584777832e-05,7.577240467071533e-06,3.628432750701904e-05,0.0004079751670360565,1.996755599975586e-06,1.996755599975586e-06,0.012943167239427567,0.012943167239427567,3.725290298461914e-09,0.16885415464639664,0.16885415464639664,0.0012797452509403229,0.13159068673849106,0.0005505755543708801,3.725290298461914e-09,0.18283364921808243,0.39265386015176773,0.6855739243328571,0.03262323513627052
