,GLCptspp,PGI,PFK,FBA,TPI,PGK,GAPD,ENO,PGM,PYK,PDH,G6PDH2r,PGL,GND,RPE,RPI,TKT1,TALA,TKT2,CS,ACONTb,ACONTa,ICDHyr,SUCOAS,AKGDH,SUCDi,FUM,MDH,PPC,ME2,ICL,MALS,ACKr,PTAr,LDH_D,ACALD,ALCD2x,EX_co2_e_,EX_etoh_e_,EX_ac_e_,EX_lac_D_e_,EX_succ_e_,EX_pyr_e_,EX_for_e_,Ec_biomass_iAF1260_core_59p81M
score,158.0,187.0,45.0,45.0,155.0,125.0,122.0,163.0,164.0,0.0,74.0,202.0,163.0,163.0,172.0,135.0,171.0,171.0,165.0,0.0,0.0,0.0,32.0,24.0,39.0,0.0,7.0,1.0,5.0,3.0,0.0,0.0,89.0,89.0,0.0,0.0,0.0,48.0,0.0,66.0,0.0,0.0,1.0,106.0,69.0
pvalue,0.2053302302956581,0.522130947560072,6.0480087995529175e-05,6.0480087995529175e-05,0.18283364921808243,0.04551969841122627,0.038631681352853775,0.24702516570687294,0.25600792095065117,3.725290298461914e-09,0.0012797452509403229,0.7493221610784531,0.24702516570687294,0.24702516570687294,0.33573371544480324,0.07598886638879776,0.32500122487545013,0.32500122487545013,0.2652079239487648,3.725290298461914e-09,3.725290298461914e-09,3.725290298461914e-09,1.0278075933456421e-05,2.8386712074279785e-06,2.780929207801819e-05,3.725290298461914e-09,7.078051567077637e-08,7.450580596923828e-09,3.725290298461914e-08,1.862645149230957e-08,3.725290298461914e-09,3.725290298461914e-09,0.004435725510120392,0.004435725510120392,3.725290298461914e-09,3.725290298461914e-09,3.725290298461914e-09,8.720904588699341e-05,3.725290298461914e-09,0.0006071217358112335,3.725290298461914e-09,3.725290298461914e-09,7.450580596923828e-09,0.014758598059415817,0.0008089840412139893
