,GLCptspp,PGI,PFK,FBA,TPI,PGK,GAPD,ENO,PGM,PYK,PDH,G6PDH2r,PGL,GND,RPE,RPI,TKT1,TALA,TKT2,CS,ACONTb,ACONTa,ICDHyr,SUCOAS,AKGDH,SUCDi,FUM,MDH,PPC,ME2,ICL,MALS,ACKr,PTAr,LDH_D,ACALD,ALCD2x,EX_co2_e_,EX_etoh_e_,EX_ac_e_,EX_lac_D_e_,EX_succ_e_,EX_pyr_e_,EX_for_e_,Ec_biomass_iAF1260_core_59p81M
score,123.0,159.0,41.0,41.0,158.0,143.0,143.0,128.0,128.0,0.0,46.0,149.0,131.0,131.0,145.0,137.0,148.0,148.0,138.0,0.0,0.0,0.0,13.0,3.0,9.0,0.0,5.0,1.0,20.0,0.0,0.0,0.0,90.0,90.0,0.0,0.0,0.0,73.0,0.0,71.0,0.0,0.0,1.0,84.0,130.0
pvalue,0.040825653821229935,0.21324460953474045,3.628432750701904e-05,3.628432750701904e-05,0.2053302302956581,0.1104210764169693,0.1104210764169693,0.05337592214345932,0.05337592214345932,3.725290298461914e-09,6.843358278274536e-05,0.1432539001107216,0.0622917003929615,0.0622917003929615,0.12065461277961731,0.08367564529180527,0.13732990622520447,0.13732990622520447,0.08774079009890556,3.725290298461914e-09,3.725290298461914e-09,3.725290298461914e-09,3.2782554626464844e-07,1.862645149230957e-08,1.2293457984924316e-07,3.725290298461914e-09,3.725290298461914e-08,7.450580596923828e-09,1.3820827007293701e-06,3.725290298461914e-09,3.725290298461914e-09,3.725290298461914e-09,0.004787962883710861,0.004787962883710861,3.725290298461914e-09,3.725290298461914e-09,3.725290298461914e-09,0.0011698119342327118,3.725290298461914e-09,0.0009746924042701721,3.725290298461914e-09,3.725290298461914e-09,7.450580596923828e-09,0.0029922761023044586,0.05919632688164711
