,GLCptspp,PGI,PFK,FBA,TPI,PGK,GAPD,ENO,PGM,PYK,PDH,G6PDH2r,PGL,GND,RPE,RPI,TKT1,TALA,TKT2,CS,ACONTb,ACONTa,ICDHyr,SUCOAS,AKGDH,SUCDi,FUM,MDH,PPC,ME2,ICL,MALS,ACKr,PTAr,LDH_D,ACALD,ALCD2x,EX_co2_e_,EX_etoh_e_,EX_ac_e_,EX_lac_D_e_,EX_succ_e_,EX_pyr_e_,EX_for_e_,Ec_biomass_iAF1260_core_59p81M
score,198.0,198.0,19.0,19.0,195.0,206.0,206.0,187.0,187.0,0.0,72.0,190.0,200.0,200.0,194.0,213.0,196.0,196.0,189.0,24.0,24.0,24.0,100.0,73.0,92.0,14.0,59.0,9.0,45.0,171.0,28.0,28.0,111.0,111.0,0.0,0.0,0.0,79.0,159.0,30.0,0.0,182.0,29.0,51.0,140.0
pvalue,0.6855739243328571,0.6855739243328571,1.1436641216278076e-06,1.1436641216278076e-06,0.6391207613050938,0.8147765882313251,0.8147765882313251,0.522130947560072,0.522130947560072,3.725290298461914e-09,0.001068316400051117,0.5647306069731712,0.7172092758119106,0.7172092758119106,0.6239256113767624,0.9321278370916843,0.6544641703367233,0.6544641703367233,0.5503522604703903,2.8386712074279785e-06,2.8386712074279785e-06,2.8386712074279785e-06,0.009877141565084457,0.0011698119342327118,0.005566027015447617,4.0978193283081055e-07,0.00029926374554634094,1.2293457984924316e-07,6.0480087995529175e-05,0.32500122487545013,5.5246055126190186e-06,5.5246055126190186e-06,0.020265981554985046,0.020265981554985046,3.725290298461914e-09,3.725290298461914e-09,3.725290298461914e-09,0.0019781142473220825,0.21324460953474045,7.577240467071533e-06,3.725290298461914e-09,0.4548785090446472,6.4782798290252686e-06,0.00012406706809997559,0.09633177518844604
