,GLCptspp,PGI,PFK,FBA,TPI,PGK,GAPD,ENO,PGM,PYK,PDH,G6PDH2r,PGL,GND,RPE,RPI,TKT1,TALA,TKT2,CS,ACONTb,ACONTa,ICDHyr,SUCOAS,AKGDH,SUCDi,FUM,MDH,PPC,ME2,ICL,MALS,ACKr,PTAr,LDH_D,ACALD,ALCD2x,EX_co2_e_,EX_etoh_e_,EX_ac_e_,EX_lac_D_e_,EX_succ_e_,EX_pyr_e_,EX_for_e_,Ec_biomass_iAF1260_core_59p81M
score,209.0,193.0,25.0,25.0,164.0,167.0,157.0,184.0,163.0,0.0,64.0,185.0,186.0,186.0,153.0,204.0,176.0,176.0,154.0,7.0,7.0,7.0,55.0,27.0,50.0,3.0,36.0,5.0,141.0,6.0,0.0,0.0,137.0,149.0,0.0,0.0,0.0,70.0,0.0,125.0,0.0,25.0,1.0,105.0,189.0
pvalue,0.8647311441600323,0.608884047716856,3.3676624298095703e-06,3.3676624298095703e-06,0.25600792095065117,0.2842625416815281,0.19762490689754486,0.48119615763425827,0.24702516570687294,3.725290298461914e-09,0.0004987679421901703,0.4946499206125736,0.5082960315048695,0.5082960315048695,0.16885415464639664,0.7818621210753918,0.38083895295858383,0.38083895295858383,0.17574355751276016,7.078051567077637e-08,7.078051567077637e-08,7.078051567077637e-08,0.00019468367099761963,4.697591066360474e-06,0.0001104697585105896,1.862645149230957e-08,1.8388032913208008e-05,3.725290298461914e-08,0.1008644811809063,5.21540641784668e-08,3.725290298461914e-09,3.725290298461914e-09,0.08367564529180527,0.1432539001107216,3.725290298461914e-09,3.725290298461914e-09,3.725290298461914e-09,0.0008884184062480927,3.725290298461914e-09,0.04551969841122627,3.725290298461914e-09,3.3676624298095703e-06,7.450580596923828e-09,0.013825550675392151,0.5503522604703903
