,GLCptspp,PGI,PFK,FBA,TPI,PGK,GAPD,ENO,PGM,PYK,PDH,G6PDH2r,PGL,GND,RPE,RPI,TKT1,TALA,TKT2,CS,ACONTb,ACONTa,ICDHyr,SUCOAS,AKGDH,SUCDi,FUM,MDH,PPC,ME2,ICL,MALS,ACKr,PTAr,LDH_D,ACALD,ALCD2x,EX_co2_e_,EX_etoh_e_,EX_ac_e_,EX_lac_D_e_,EX_succ_e_,EX_pyr_e_,EX_for_e_,Ec_biomass_iAF1260_core_59p81M
score,131.0,160.0,46.0,46.0,162.0,149.0,149.0,137.0,137.0,0.0,51.0,151.0,132.0,132.0,147.0,136.0,145.0,145.0,141.0,0.0,0.0,0.0,18.0,3.0,9.0,0.0,7.0,1.0,24.0,0.0,0.0,0.0,90.0,90.0,0.0,0.0,0.0,74.0,0.0,71.0,0.0,0.0,1.0,84.0,128.0
pvalue,0.0622917003929615,0.22136975452303886,6.843358278274536e-05,6.843358278274536e-05,0.23825867101550102,0.1432539001107216,0.1432539001107216,0.08367564529180527,0.08367564529180527,3.725290298461914e-09,0.00012406706809997559,0.1556677184998989,0.06551516801118851,0.06551516801118851,0.13159068673849106,0.07975950092077255,0.12065461277961731,0.12065461277961731,0.1008644811809063,3.725290298461914e-09,3.725290298461914e-09,3.725290298461914e-09,9.424984455108643e-07,1.862645149230957e-08,1.2293457984924316e-07,3.725290298461914e-09,7.078051567077637e-08,7.450580596923828e-09,2.8386712074279785e-06,3.725290298461914e-09,3.725290298461914e-09,3.725290298461914e-09,0.004787962883710861,0.004787962883710861,3.725290298461914e-09,3.725290298461914e-09,3.725290298461914e-09,0.0012797452509403229,3.725290298461914e-09,0.0009746924042701721,3.725290298461914e-09,3.725290298461914e-09,7.450580596923828e-09,0.0029922761023044586,0.05337592214345932
