,GLCptspp,PGI,PFK,FBA,TPI,PGK,GAPD,ENO,PGM,PYK,PDH,G6PDH2r,PGL,GND,RPE,RPI,TKT1,TALA,TKT2,CS,ACONTb,ACONTa,ICDHyr,SUCOAS,AKGDH,SUCDi,FUM,MDH,PPC,ME2,ICL,MALS,ACKr,PTAr,LDH_D,ACALD,ALCD2x,EX_co2_e_,EX_etoh_e_,EX_ac_e_,EX_lac_D_e_,EX_succ_e_,EX_pyr_e_,EX_for_e_,Ec_biomass_iAF1260_core_59p81M
score,191.0,131.0,8.0,8.0,162.0,187.0,187.0,160.0,160.0,28.0,72.0,191.0,155.0,155.0,161.0,157.0,169.0,169.0,160.0,30.0,30.0,30.0,60.0,40.0,54.0,29.0,36.0,29.0,39.0,62.0,24.0,24.0,104.0,104.0,0.0,152.0,152.0,73.0,150.0,65.0,0.0,142.0,183.0,202.0,119.0
pvalue,0.5792817249894142,0.0622917003929615,9.313225746154785e-08,9.313225746154785e-08,0.23825867101550102,0.522130947560072,0.522130947560072,0.22136975452303886,0.22136975452303886,5.5246055126190186e-06,0.001068316400051117,0.5792817249894142,0.18283364921808243,0.18283364921808243,0.2297072820365429,0.19762490689754486,0.30419324710965157,0.30419324710965157,0.22136975452303886,7.577240467071533e-06,7.577240467071533e-06,7.577240467071533e-06,0.00033221766352653503,3.1795352697372437e-05,0.0001742914319038391,6.4782798290252686e-06,1.8388032913208008e-05,6.4782798290252686e-06,2.780929207801819e-05,0.0004079751670360565,2.8386712074279785e-06,2.8386712074279785e-06,0.012943167239427567,0.012943167239427567,3.725290298461914e-09,0.16216303035616875,0.16216303035616875,0.0011698119342327118,0.14936558529734612,0.0005505755543708801,3.725290298461914e-09,0.10555979982018471,0.46793800592422485,0.7493221610784531,0.03262323513627052
