,GLCptspp,PGI,PFK,FBA,TPI,PGK,GAPD,ENO,PGM,PYK,PDH,G6PDH2r,PGL,GND,RPE,RPI,TKT1,TALA,TKT2,CS,ACONTb,ACONTa,ICDHyr,SUCOAS,AKGDH,SUCDi,FUM,MDH,PPC,ME2,ICL,MALS,ACKr,PTAr,LDH_D,ACALD,ALCD2x,EX_co2_e_,EX_etoh_e_,EX_ac_e_,EX_lac_D_e_,EX_succ_e_,EX_pyr_e_,EX_for_e_,Ec_biomass_iAF1260_core_59p81M
score,145.0,181.0,20.0,20.0,169.0,118.0,118.0,159.0,169.0,0.0,90.0,212.0,176.0,176.0,172.0,145.0,177.0,177.0,171.0,0.0,0.0,0.0,63.0,32.0,45.0,1.0,12.0,1.0,3.0,12.0,0.0,0.0,89.0,89.0,0.0,0.0,0.0,56.0,0.0,66.0,0.0,47.0,1.0,107.0,69.0
pvalue,0.12065461277961731,0.44202057644724846,1.3820827007293701e-06,1.3820827007293701e-06,0.30419324710965157,0.03080105036497116,0.03080105036497116,0.21324460953474045,0.30419324710965157,3.725290298461914e-09,0.004787962883710861,0.9152156375348568,0.38083895295858383,0.38083895295858383,0.33573371544480324,0.12065461277961731,0.39265386015176773,0.39265386015176773,0.32500122487545013,3.725290298461914e-09,3.725290298461914e-09,3.725290298461914e-09,0.0004513449966907501,1.0278075933456421e-05,6.0480087995529175e-05,7.450580596923828e-09,2.60770320892334e-07,7.450580596923828e-09,1.862645149230957e-08,2.60770320892334e-07,3.725290298461914e-09,3.725290298461914e-09,0.004435725510120392,0.004435725510120392,3.725290298461914e-09,3.725290298461914e-09,3.725290298461914e-09,0.00021718069911003113,3.725290298461914e-09,0.0006071217358112335,3.725290298461914e-09,7.73109495639801e-05,7.450580596923828e-09,0.01574459671974182,0.0008089840412139893
