,GLCptspp,PGI,PFK,FBA,TPI,PGK,GAPD,ENO,PGM,PYK,PDH,G6PDH2r,PGL,GND,RPE,RPI,TKT1,TALA,TKT2,CS,ACONTb,ACONTa,ICDHyr,SUCOAS,AKGDH,SUCDi,FUM,MDH,PPC,ME2,ICL,MALS,ACKr,PTAr,LDH_D,ACALD,ALCD2x,EX_co2_e_,EX_etoh_e_,EX_ac_e_,EX_lac_D_e_,EX_succ_e_,EX_pyr_e_,EX_for_e_,Ec_biomass_iAF1260_core_59p81M
score,183.0,200.0,59.0,59.0,187.0,209.0,209.0,174.0,174.0,0.0,60.0,179.0,188.0,188.0,175.0,207.0,178.0,178.0,172.0,28.0,28.0,28.0,76.0,55.0,71.0,22.0,43.0,16.0,71.0,153.0,21.0,21.0,132.0,132.0,0.0,0.0,0.0,107.0,204.0,42.0,0.0,110.0,84.0,120.0,148.0
pvalue,0.46793800592422485,0.7172092758119106,0.00029926374554634094,0.00029926374554634094,0.522130947560072,0.8647311441600323,0.8647311441600323,0.35785307362675667,0.35785307362675667,3.725290298461914e-09,0.00033221766352653503,0.41691966354846954,0.5361509844660759,0.5361509844660759,0.3692382462322712,0.83135736733675,0.40468135103583336,0.40468135103583336,0.33573371544480324,5.5246055126190186e-06,5.5246055126190186e-06,5.5246055126190186e-06,0.0015273615717887878,0.00019468367099761963,0.0009746924042701721,1.996755599975586e-06,4.700571298599243e-05,6.295740604400635e-07,0.0009746924042701721,0.16885415464639664,1.6652047634124756e-06,1.6652047634124756e-06,0.06551516801118851,0.06551516801118851,3.725290298461914e-09,3.725290298461914e-09,3.725290298461914e-09,0.01574459671974182,0.7818621210753918,4.13358211517334e-05,3.725290298461914e-09,0.01904408261179924,0.0029922761023044586,0.03453366830945015,0.13732990622520447
