,GLCptspp,PGI,PFK,FBA,TPI,PGK,GAPD,ENO,PGM,PYK,PDH,G6PDH2r,PGL,GND,RPE,RPI,TKT1,TALA,TKT2,CS,ACONTb,ACONTa,ICDHyr,SUCOAS,AKGDH,SUCDi,FUM,MDH,PPC,ME2,ICL,MALS,ACKr,PTAr,LDH_D,ACALD,ALCD2x,EX_co2_e_,EX_etoh_e_,EX_ac_e_,EX_lac_D_e_,EX_succ_e_,EX_pyr_e_,EX_for_e_,Ec_biomass_iAF1260_core_59p81M
score,158.0,154.0,26.0,26.0,157.0,176.0,176.0,136.0,136.0,0.0,31.0,199.0,214.0,214.0,207.0,198.0,207.0,207.0,207.0,0.0,0.0,0.0,12.0,2.0,8.0,0.0,0.0,0.0,17.0,0.0,0.0,0.0,104.0,104.0,0.0,0.0,0.0,64.0,0.0,64.0,0.0,36.0,78.0,87.0,136.0
pvalue,0.2053302302956581,0.17574355751276016,3.982335329055786e-06,3.982335329055786e-06,0.19762490689754486,0.38083895295858383,0.38083895295858383,0.07975950092077255,0.07975950092077255,3.725290298461914e-09,8.83638858795166e-06,0.7013288475573063,0.9490697756409645,0.9490697756409645,0.83135736733675,0.6855739243328571,0.83135736733675,0.83135736733675,0.83135736733675,3.725290298461914e-09,3.725290298461914e-09,3.725290298461914e-09,2.60770320892334e-07,1.1175870895385742e-08,9.313225746154785e-08,3.725290298461914e-09,3.725290298461914e-09,3.725290298461914e-09,7.711350917816162e-07,3.725290298461914e-09,3.725290298461914e-09,3.725290298461914e-09,0.012943167239427567,0.012943167239427567,3.725290298461914e-09,3.725290298461914e-09,3.725290298461914e-09,0.0004987679421901703,3.725290298461914e-09,0.0004987679421901703,3.725290298461914e-09,1.8388032913208008e-05,0.0018163397908210754,0.0037983879446983337,0.07975950092077255
