,GLCptspp,PGI,PFK,FBA,TPI,PGK,GAPD,ENO,PGM,PYK,PDH,G6PDH2r,PGL,GND,RPE,RPI,TKT1,TALA,TKT2,CS,ACONTb,ACONTa,ICDHyr,SUCOAS,AKGDH,SUCDi,FUM,MDH,PPC,ME2,ICL,MALS,ACKr,PTAr,LDH_D,ACALD,ALCD2x,EX_co2_e_,EX_etoh_e_,EX_ac_e_,EX_lac_D_e_,EX_succ_e_,EX_pyr_e_,EX_for_e_,Ec_biomass_iAF1260_core_59p81M
score,180.0,189.0,43.0,43.0,187.0,166.0,166.0,188.0,188.0,0.0,83.0,212.0,213.0,213.0,216.0,201.0,211.0,211.0,217.0,20.0,20.0,20.0,114.0,78.0,103.0,19.0,55.0,14.0,20.0,105.0,21.0,21.0,89.0,89.0,0.0,0.0,0.0,75.0,110.0,11.0,0.0,110.0,0.0,26.0,97.0
pvalue,0.4293668270111084,0.5503522604703903,4.700571298599243e-05,4.700571298599243e-05,0.522130947560072,0.27462591975927353,0.27462591975927353,0.5361509844660759,0.5361509844660759,3.725290298461914e-09,0.0027591250836849213,0.9152156375348568,0.9321278370916843,0.9321278370916843,0.983013316988945,0.7332091443240643,0.8983406014740467,0.8983406014740467,1.0,1.3820827007293701e-06,1.3820827007293701e-06,1.3820827007293701e-06,0.02433420717716217,0.0018163397908210754,0.012109261006116867,1.1436641216278076e-06,0.00019468367099761963,4.0978193283081055e-07,1.3820827007293701e-06,0.013825550675392151,1.6652047634124756e-06,1.6652047634124756e-06,0.004435725510120392,0.004435725510120392,3.725290298461914e-09,3.725290298461914e-09,3.725290298461914e-09,0.0013987235724925995,0.01904408261179924,2.0489096641540527e-07,3.725290298461914e-09,0.01904408261179924,3.725290298461914e-09,3.982335329055786e-06,0.008007697761058807
