,GLCptspp,PGI,PFK,FBA,TPI,PGK,GAPD,ENO,PGM,PYK,PDH,G6PDH2r,PGL,GND,RPE,RPI,TKT1,TALA,TKT2,CS,ACONTb,ACONTa,ICDHyr,SUCOAS,AKGDH,SUCDi,FUM,MDH,PPC,ME2,ICL,MALS,ACKr,PTAr,LDH_D,ACALD,ALCD2x,EX_co2_e_,EX_etoh_e_,EX_ac_e_,EX_lac_D_e_,EX_succ_e_,EX_pyr_e_,EX_for_e_,Ec_biomass_iAF1260_core_59p81M
score,214.0,194.0,41.0,41.0,196.0,190.0,190.0,207.0,207.0,0.0,105.0,202.0,195.0,195.0,213.0,185.0,217.0,217.0,213.0,34.0,34.0,34.0,114.0,76.0,104.0,26.0,66.0,19.0,43.0,190.0,21.0,21.0,111.0,111.0,0.0,0.0,0.0,69.0,110.0,30.0,0.0,84.0,29.0,75.0,129.0
pvalue,0.9490697756409645,0.6239256113767624,3.628432750701904e-05,3.628432750701904e-05,0.6544641703367233,0.5647306069731712,0.5647306069731712,0.83135736733675,0.83135736733675,3.725290298461914e-09,0.013825550675392151,0.7493221610784531,0.6391207613050938,0.6391207613050938,0.9321278370916843,0.4946499206125736,1.0,1.0,0.9321278370916843,1.3809651136398315e-05,1.3809651136398315e-05,1.3809651136398315e-05,0.02433420717716217,0.0015273615717887878,0.012943167239427567,3.982335329055786e-06,0.0006071217358112335,1.1436641216278076e-06,4.700571298599243e-05,0.5647306069731712,1.6652047634124756e-06,1.6652047634124756e-06,0.020265981554985046,0.020265981554985046,3.725290298461914e-09,3.725290298461914e-09,3.725290298461914e-09,0.0008089840412139893,0.01904408261179924,7.577240467071533e-06,3.725290298461914e-09,0.0029922761023044586,6.4782798290252686e-06,0.0013987235724925995,0.05622555688023567
