,GLCptspp,PGI,PFK,FBA,TPI,PGK,GAPD,ENO,PGM,PYK,PDH,G6PDH2r,PGL,GND,RPE,RPI,TKT1,TALA,TKT2,CS,ACONTb,ACONTa,ICDHyr,SUCOAS,AKGDH,SUCDi,FUM,MDH,PPC,ME2,ICL,MALS,ACKr,PTAr,LDH_D,ACALD,ALCD2x,EX_co2_e_,EX_etoh_e_,EX_ac_e_,EX_lac_D_e_,EX_succ_e_,EX_pyr_e_,EX_for_e_,Ec_biomass_iAF1260_core_59p81M
score,203.0,203.0,25.0,25.0,147.0,165.0,170.0,190.0,155.0,0.0,54.0,212.0,170.0,170.0,155.0,169.0,177.0,177.0,153.0,10.0,10.0,10.0,26.0,17.0,22.0,9.0,28.0,10.0,131.0,15.0,0.0,0.0,137.0,149.0,0.0,0.0,0.0,76.0,0.0,125.0,0.0,0.0,1.0,104.0,189.0
pvalue,0.7655419819056988,0.7655419819056988,3.3676624298095703e-06,3.3676624298095703e-06,0.13159068673849106,0.2652079239487648,0.31448761001229286,0.5647306069731712,0.18283364921808243,3.725290298461914e-09,0.0001742914319038391,0.9152156375348568,0.31448761001229286,0.31448761001229286,0.18283364921808243,0.30419324710965157,0.39265386015176773,0.39265386015176773,0.16885415464639664,1.601874828338623e-07,1.601874828338623e-07,1.601874828338623e-07,3.982335329055786e-06,7.711350917816162e-07,1.996755599975586e-06,1.2293457984924316e-07,5.5246055126190186e-06,1.601874828338623e-07,0.0622917003929615,5.103647708892822e-07,3.725290298461914e-09,3.725290298461914e-09,0.08367564529180527,0.1432539001107216,3.725290298461914e-09,3.725290298461914e-09,3.725290298461914e-09,0.0015273615717887878,3.725290298461914e-09,0.04551969841122627,3.725290298461914e-09,3.725290298461914e-09,7.450580596923828e-09,0.012943167239427567,0.5503522604703903
