,GLCptspp,PGI,PFK,FBA,TPI,PGK,GAPD,ENO,PGM,PYK,PDH,G6PDH2r,PGL,GND,RPE,RPI,TKT1,TALA,TKT2,CS,ACONTb,ACONTa,ICDHyr,SUCOAS,AKGDH,SUCDi,FUM,MDH,PPC,ME2,ICL,MALS,ACKr,PTAr,LDH_D,ACALD,ALCD2x,EX_co2_e_,EX_etoh_e_,EX_ac_e_,EX_lac_D_e_,EX_succ_e_,EX_pyr_e_,EX_for_e_,Ec_biomass_iAF1260_core_59p81M
score,117.0,120.0,42.0,42.0,194.0,192.0,113.0,186.0,184.0,0.0,44.0,216.0,178.0,178.0,135.0,118.0,206.0,206.0,186.0,1.0,1.0,1.0,25.0,5.0,3.0,0.0,4.0,1.0,15.0,0.0,0.0,0.0,89.0,91.0,0.0,0.0,0.0,74.0,0.0,77.0,0.0,0.0,1.0,84.0,176.0
pvalue,0.029064036905765533,0.03453366830945015,4.13358211517334e-05,4.13358211517334e-05,0.6239256113767624,0.5940011255443096,0.022908341139554977,0.5082960315048695,0.48119615763425827,3.725290298461914e-09,5.336105823516846e-05,0.983013316988945,0.40468135103583336,0.40468135103583336,0.07598886638879776,0.03080105036497116,0.8147765882313251,0.8147765882313251,0.5082960315048695,7.450580596923828e-09,7.450580596923828e-09,7.450580596923828e-09,3.3676624298095703e-06,3.725290298461914e-08,1.862645149230957e-08,3.725290298461914e-09,2.60770320892334e-08,7.450580596923828e-09,5.103647708892822e-07,3.725290298461914e-09,3.725290298461914e-09,3.725290298461914e-09,0.004435725510120392,0.00516427680850029,3.725290298461914e-09,3.725290298461914e-09,3.725290298461914e-09,0.0012797452509403229,3.725290298461914e-09,0.001666329801082611,3.725290298461914e-09,3.725290298461914e-09,7.450580596923828e-09,0.0029922761023044586,0.38083895295858383
