,GLCptspp,PGI,PFK,FBA,TPI,PGK,GAPD,ENO,PGM,PYK,PDH,G6PDH2r,PGL,GND,RPE,RPI,TKT1,TALA,TKT2,CS,ACONTb,ACONTa,ICDHyr,SUCOAS,AKGDH,SUCDi,FUM,MDH,PPC,ME2,ICL,MALS,ACKr,PTAr,LDH_D,ACALD,ALCD2x,EX_co2_e_,EX_etoh_e_,EX_ac_e_,EX_lac_D_e_,EX_succ_e_,EX_pyr_e_,EX_for_e_,Ec_biomass_iAF1260_core_59p81M
score,177.0,195.0,76.0,76.0,151.0,149.0,146.0,171.0,171.0,0.0,84.0,201.0,163.0,163.0,172.0,135.0,171.0,171.0,165.0,13.0,13.0,13.0,81.0,43.0,56.0,6.0,41.0,4.0,5.0,3.0,0.0,0.0,89.0,89.0,0.0,0.0,0.0,69.0,0.0,66.0,0.0,0.0,1.0,106.0,69.0
pvalue,0.39265386015176773,0.6391207613050938,0.0015273615717887878,0.0015273615717887878,0.1556677184998989,0.1432539001107216,0.1260332576930523,0.32500122487545013,0.32500122487545013,3.725290298461914e-09,0.0029922761023044586,0.7332091443240643,0.24702516570687294,0.24702516570687294,0.33573371544480324,0.07598886638879776,0.32500122487545013,0.32500122487545013,0.2652079239487648,3.2782554626464844e-07,3.2782554626464844e-07,3.2782554626464844e-07,0.00234014168381691,4.700571298599243e-05,0.00021718069911003113,5.21540641784668e-08,3.628432750701904e-05,2.60770320892334e-08,3.725290298461914e-08,1.862645149230957e-08,3.725290298461914e-09,3.725290298461914e-09,0.004435725510120392,0.004435725510120392,3.725290298461914e-09,3.725290298461914e-09,3.725290298461914e-09,0.0008089840412139893,3.725290298461914e-09,0.0006071217358112335,3.725290298461914e-09,3.725290298461914e-09,7.450580596923828e-09,0.014758598059415817,0.0008089840412139893
