,GLCptspp,PGI,PFK,FBA,TPI,PGK,GAPD,ENO,PGM,PYK,PDH,G6PDH2r,PGL,GND,RPE,RPI,TKT1,TALA,TKT2,CS,ACONTb,ACONTa,ICDHyr,SUCOAS,AKGDH,SUCDi,FUM,MDH,PPC,ME2,ICL,MALS,ACKr,PTAr,LDH_D,ACALD,ALCD2x,EX_co2_e_,EX_etoh_e_,EX_ac_e_,EX_lac_D_e_,EX_succ_e_,EX_pyr_e_,EX_for_e_,Ec_biomass_iAF1260_core_59p81M
score,214.0,166.0,38.0,38.0,217.0,197.0,197.0,209.0,209.0,0.0,80.0,196.0,192.0,192.0,191.0,181.0,197.0,197.0,188.0,24.0,24.0,24.0,88.0,63.0,82.0,22.0,53.0,19.0,92.0,210.0,15.0,15.0,128.0,128.0,0.0,0.0,0.0,110.0,159.0,36.0,0.0,29.0,57.0,75.0,146.0
pvalue,0.9490697756409645,0.27462591975927353,2.4273991584777832e-05,2.4273991584777832e-05,1.0,0.6699504218995571,0.6699504218995571,0.8647311441600323,0.8647311441600323,3.725290298461914e-09,0.002152439206838608,0.6544641703367233,0.5940011255443096,0.5940011255443096,0.5792817249894142,0.44202057644724846,0.6699504218995571,0.6699504218995571,0.5361509844660759,2.8386712074279785e-06,2.8386712074279785e-06,2.8386712074279785e-06,0.004106286913156509,0.0004513449966907501,0.0025420673191547394,1.996755599975586e-06,0.00015582889318466187,1.1436641216278076e-06,0.005566027015447617,0.8815100230276585,5.103647708892822e-07,5.103647708892822e-07,0.05337592214345932,0.05337592214345932,3.725290298461914e-09,3.725290298461914e-09,3.725290298461914e-09,0.01904408261179924,0.21324460953474045,1.8388032913208008e-05,3.725290298461914e-09,6.4782798290252686e-06,0.00024197623133659363,0.0013987235724925995,0.1260332576930523
