,GLCptspp,PGI,PFK,FBA,TPI,PGK,GAPD,ENO,PGM,PYK,PDH,G6PDH2r,PGL,GND,RPE,RPI,TKT1,TALA,TKT2,CS,ACONTb,ACONTa,ICDHyr,SUCOAS,AKGDH,SUCDi,FUM,MDH,PPC,ME2,ICL,MALS,ACKr,PTAr,LDH_D,ACALD,ALCD2x,EX_co2_e_,EX_etoh_e_,EX_ac_e_,EX_lac_D_e_,EX_succ_e_,EX_pyr_e_,EX_for_e_,Ec_biomass_iAF1260_core_59p81M
score,189.0,209.0,61.0,61.0,198.0,202.0,202.0,192.0,192.0,0.0,78.0,204.0,200.0,200.0,198.0,210.0,198.0,198.0,198.0,33.0,33.0,33.0,82.0,68.0,78.0,33.0,49.0,25.0,79.0,125.0,53.0,53.0,89.0,89.0,0.0,155.0,155.0,100.0,145.0,69.0,0.0,160.0,207.0,207.0,131.0
pvalue,0.5503522604703903,0.8647311441600323,0.000368364155292511,0.000368364155292511,0.6855739243328571,0.7493221610784531,0.7493221610784531,0.5940011255443096,0.5940011255443096,3.725290298461914e-09,0.0018163397908210754,0.7818621210753918,0.7172092758119106,0.7172092758119106,0.6855739243328571,0.8815100230276585,0.6855739243328571,0.6855739243328571,0.6855739243328571,1.1928379535675049e-05,1.1928379535675049e-05,1.1928379535675049e-05,0.0025420673191547394,0.0007359124720096588,0.0018163397908210754,1.1928379535675049e-05,9.822472929954529e-05,3.3676624298095703e-06,0.0019781142473220825,0.04551969841122627,0.00015582889318466187,0.00015582889318466187,0.004435725510120392,0.004435725510120392,3.725290298461914e-09,0.18283364921808243,0.18283364921808243,0.009877141565084457,0.12065461277961731,0.0008089840412139893,3.725290298461914e-09,0.22136975452303886,0.83135736733675,0.83135736733675,0.0622917003929615
