,GLCptspp,PGI,PFK,FBA,TPI,PGK,GAPD,ENO,PGM,PYK,PDH,G6PDH2r,PGL,GND,RPE,RPI,TKT1,TALA,TKT2,CS,ACONTb,ACONTa,ICDHyr,SUCOAS,AKGDH,SUCDi,FUM,MDH,PPC,ME2,ICL,MALS,ACKr,PTAr,LDH_D,ACALD,ALCD2x,EX_co2_e_,EX_etoh_e_,EX_ac_e_,EX_lac_D_e_,EX_succ_e_,EX_pyr_e_,EX_for_e_,Ec_biomass_iAF1260_core_59p81M
score,124.0,134.0,41.0,41.0,154.0,142.0,141.0,129.0,129.0,0.0,45.0,159.0,149.0,149.0,153.0,151.0,157.0,157.0,144.0,0.0,0.0,0.0,23.0,2.0,14.0,0.0,8.0,0.0,8.0,0.0,0.0,0.0,90.0,90.0,0.0,0.0,0.0,75.0,0.0,74.0,0.0,0.0,1.0,84.0,144.0
pvalue,0.04312055930495262,0.07236024364829063,3.628432750701904e-05,3.628432750701904e-05,0.17574355751276016,0.10555979982018471,0.1008644811809063,0.05622555688023567,0.05622555688023567,3.725290298461914e-09,6.0480087995529175e-05,0.21324460953474045,0.1432539001107216,0.1432539001107216,0.16885415464639664,0.1556677184998989,0.19762490689754486,0.19762490689754486,0.1154516153037548,3.725290298461914e-09,3.725290298461914e-09,3.725290298461914e-09,2.384185791015625e-06,1.1175870895385742e-08,4.0978193283081055e-07,3.725290298461914e-09,9.313225746154785e-08,3.725290298461914e-09,9.313225746154785e-08,3.725290298461914e-09,3.725290298461914e-09,3.725290298461914e-09,0.004787962883710861,0.004787962883710861,3.725290298461914e-09,3.725290298461914e-09,3.725290298461914e-09,0.0013987235724925995,3.725290298461914e-09,0.0012797452509403229,3.725290298461914e-09,3.725290298461914e-09,7.450580596923828e-09,0.0029922761023044586,0.1154516153037548
