,GLCptspp,PGI,PFK,FBA,TPI,PGK,GAPD,ENO,PGM,PYK,PDH,G6PDH2r,PGL,GND,RPE,RPI,TKT1,TALA,TKT2,CS,ACONTb,ACONTa,ICDHyr,SUCOAS,AKGDH,SUCDi,FUM,MDH,PPC,ME2,ICL,MALS,ACKr,PTAr,LDH_D,ACALD,ALCD2x,EX_co2_e_,EX_etoh_e_,EX_ac_e_,EX_lac_D_e_,EX_succ_e_,EX_pyr_e_,EX_for_e_,Ec_biomass_iAF1260_core_59p81M
score,193.0,176.0,31.0,31.0,143.0,165.0,181.0,198.0,155.0,0.0,60.0,198.0,200.0,200.0,181.0,164.0,187.0,187.0,157.0,14.0,14.0,14.0,28.0,25.0,34.0,10.0,32.0,8.0,133.0,21.0,0.0,0.0,137.0,149.0,0.0,0.0,0.0,70.0,40.0,125.0,0.0,109.0,1.0,105.0,189.0
pvalue,0.608884047716856,0.38083895295858383,8.83638858795166e-06,8.83638858795166e-06,0.1104210764169693,0.2652079239487648,0.44202057644724846,0.6855739243328571,0.18283364921808243,3.725290298461914e-09,0.00033221766352653503,0.6855739243328571,0.7172092758119106,0.7172092758119106,0.44202057644724846,0.25600792095065117,0.522130947560072,0.522130947560072,0.19762490689754486,4.0978193283081055e-07,4.0978193283081055e-07,4.0978193283081055e-07,5.5246055126190186e-06,3.3676624298095703e-06,1.3809651136398315e-05,1.601874828338623e-07,1.0278075933456421e-05,9.313225746154785e-08,0.0688701830804348,1.6652047634124756e-06,3.725290298461914e-09,3.725290298461914e-09,0.08367564529180527,0.1432539001107216,3.725290298461914e-09,3.725290298461914e-09,3.725290298461914e-09,0.0008884184062480927,3.1795352697372437e-05,0.04551969841122627,3.725290298461914e-09,0.017884906381368637,7.450580596923828e-09,0.013825550675392151,0.5503522604703903
