,GLCptspp,PGI,PFK,FBA,TPI,PGK,GAPD,ENO,PGM,PYK,PDH,G6PDH2r,PGL,GND,RPE,RPI,TKT1,TALA,TKT2,CS,ACONTb,ACONTa,ICDHyr,SUCOAS,AKGDH,SUCDi,FUM,MDH,PPC,ME2,ICL,MALS,ACKr,PTAr,LDH_D,ACALD,ALCD2x,EX_co2_e_,EX_etoh_e_,EX_ac_e_,EX_lac_D_e_,EX_succ_e_,EX_pyr_e_,EX_for_e_,Ec_biomass_iAF1260_core_59p81M
score,169.0,202.0,55.0,55.0,168.0,146.0,146.0,161.0,161.0,0.0,101.0,146.0,145.0,145.0,152.0,143.0,157.0,157.0,158.0,50.0,50.0,50.0,130.0,106.0,126.0,45.0,79.0,29.0,29.0,171.0,10.0,10.0,111.0,111.0,0.0,0.0,0.0,64.0,84.0,19.0,0.0,57.0,29.0,51.0,98.0
pvalue,0.30419324710965157,0.7493221610784531,0.00019468367099761963,0.00019468367099761963,0.2941182516515255,0.1260332576930523,0.1260332576930523,0.2297072820365429,0.2297072820365429,3.725290298461914e-09,0.010578293353319168,0.1260332576930523,0.12065461277961731,0.12065461277961731,0.16216303035616875,0.1104210764169693,0.19762490689754486,0.19762490689754486,0.2053302302956581,0.0001104697585105896,0.0001104697585105896,0.0001104697585105896,0.05919632688164711,0.014758598059415817,0.04802640900015831,6.0480087995529175e-05,0.0019781142473220825,6.4782798290252686e-06,6.4782798290252686e-06,0.32500122487545013,1.601874828338623e-07,1.601874828338623e-07,0.020265981554985046,0.020265981554985046,3.725290298461914e-09,3.725290298461914e-09,3.725290298461914e-09,0.0004987679421901703,0.0029922761023044586,1.1436641216278076e-06,3.725290298461914e-09,0.00024197623133659363,6.4782798290252686e-06,0.00012406706809997559,0.008593697100877762
