,GLCptspp,PGI,PFK,FBA,TPI,PGK,GAPD,ENO,PGM,PYK,PDH,G6PDH2r,PGL,GND,RPE,RPI,TKT1,TALA,TKT2,CS,ACONTb,ACONTa,ICDHyr,SUCOAS,AKGDH,SUCDi,FUM,MDH,PPC,ME2,ICL,MALS,ACKr,PTAr,LDH_D,ACALD,ALCD2x,EX_co2_e_,EX_etoh_e_,EX_ac_e_,EX_lac_D_e_,EX_succ_e_,EX_pyr_e_,EX_for_e_,Ec_biomass_iAF1260_core_59p81M
score,168.0,172.0,29.0,29.0,187.0,195.0,195.0,170.0,170.0,0.0,31.0,175.0,154.0,154.0,170.0,146.0,174.0,174.0,166.0,0.0,0.0,0.0,30.0,10.0,18.0,0.0,6.0,0.0,5.0,0.0,0.0,0.0,104.0,104.0,0.0,0.0,0.0,61.0,0.0,64.0,0.0,0.0,78.0,84.0,99.0
pvalue,0.2941182516515255,0.33573371544480324,6.4782798290252686e-06,6.4782798290252686e-06,0.522130947560072,0.6391207613050938,0.6391207613050938,0.31448761001229286,0.31448761001229286,3.725290298461914e-09,8.83638858795166e-06,0.3692382462322712,0.17574355751276016,0.17574355751276016,0.31448761001229286,0.1260332576930523,0.35785307362675667,0.35785307362675667,0.27462591975927353,3.725290298461914e-09,3.725290298461914e-09,3.725290298461914e-09,7.577240467071533e-06,1.601874828338623e-07,9.424984455108643e-07,3.725290298461914e-09,5.21540641784668e-08,3.725290298461914e-09,3.725290298461914e-08,3.725290298461914e-09,3.725290298461914e-09,3.725290298461914e-09,0.012943167239427567,0.012943167239427567,3.725290298461914e-09,3.725290298461914e-09,3.725290298461914e-09,0.000368364155292511,3.725290298461914e-09,0.0004987679421901703,3.725290298461914e-09,3.725290298461914e-09,0.0018163397908210754,0.0029922761023044586,0.009216241538524628
