,GLCptspp,PGI,PFK,FBA,TPI,PGK,GAPD,ENO,PGM,PYK,PDH,G6PDH2r,PGL,GND,RPE,RPI,TKT1,TALA,TKT2,CS,ACONTb,ACONTa,ICDHyr,SUCOAS,AKGDH,SUCDi,FUM,MDH,PPC,ME2,ICL,MALS,ACKr,PTAr,LDH_D,ACALD,ALCD2x,EX_co2_e_,EX_etoh_e_,EX_ac_e_,EX_lac_D_e_,EX_succ_e_,EX_pyr_e_,EX_for_e_,Ec_biomass_iAF1260_core_59p81M
score,194.0,187.0,38.0,38.0,201.0,212.0,212.0,198.0,198.0,0.0,79.0,191.0,163.0,163.0,170.0,157.0,177.0,177.0,171.0,22.0,22.0,22.0,68.0,43.0,62.0,16.0,38.0,18.0,60.0,159.0,36.0,36.0,107.0,107.0,0.0,0.0,0.0,103.0,84.0,27.0,0.0,0.0,29.0,75.0,129.0
pvalue,0.6239256113767624,0.522130947560072,2.4273991584777832e-05,2.4273991584777832e-05,0.7332091443240643,0.9152156375348568,0.9152156375348568,0.6855739243328571,0.6855739243328571,3.725290298461914e-09,0.0019781142473220825,0.5792817249894142,0.24702516570687294,0.24702516570687294,0.31448761001229286,0.19762490689754486,0.39265386015176773,0.39265386015176773,0.32500122487545013,1.996755599975586e-06,1.996755599975586e-06,1.996755599975586e-06,0.0007359124720096588,4.700571298599243e-05,0.0004079751670360565,6.295740604400635e-07,2.4273991584777832e-05,9.424984455108643e-07,0.00033221766352653503,0.21324460953474045,1.8388032913208008e-05,1.8388032913208008e-05,0.01574459671974182,0.01574459671974182,3.725290298461914e-09,3.725290298461914e-09,3.725290298461914e-09,0.012109261006116867,0.0029922761023044586,4.697591066360474e-06,3.725290298461914e-09,3.725290298461914e-09,6.4782798290252686e-06,0.0013987235724925995,0.05622555688023567
