,GLCptspp,PGI,PFK,FBA,TPI,PGK,GAPD,ENO,PGM,PYK,PDH,G6PDH2r,PGL,GND,RPE,RPI,TKT1,TALA,TKT2,CS,ACONTb,ACONTa,ICDHyr,SUCOAS,AKGDH,SUCDi,FUM,MDH,PPC,ME2,ICL,MALS,ACKr,PTAr,LDH_D,ACALD,ALCD2x,EX_co2_e_,EX_etoh_e_,EX_ac_e_,EX_lac_D_e_,EX_succ_e_,EX_pyr_e_,EX_for_e_,Ec_biomass_iAF1260_core_59p81M
score,214.0,217.0,47.0,47.0,162.0,171.0,177.0,190.0,168.0,0.0,78.0,185.0,186.0,186.0,169.0,204.0,183.0,183.0,172.0,22.0,22.0,22.0,90.0,19.0,74.0,17.0,61.0,16.0,140.0,6.0,0.0,0.0,137.0,149.0,0.0,0.0,0.0,78.0,0.0,125.0,0.0,25.0,1.0,105.0,189.0
pvalue,0.9490697756409645,1.0,7.73109495639801e-05,7.73109495639801e-05,0.23825867101550102,0.32500122487545013,0.39265386015176773,0.5647306069731712,0.2941182516515255,3.725290298461914e-09,0.0018163397908210754,0.4946499206125736,0.5082960315048695,0.5082960315048695,0.30419324710965157,0.7818621210753918,0.46793800592422485,0.46793800592422485,0.33573371544480324,1.996755599975586e-06,1.996755599975586e-06,1.996755599975586e-06,0.004787962883710861,1.1436641216278076e-06,0.0012797452509403229,7.711350917816162e-07,0.000368364155292511,6.295740604400635e-07,0.09633177518844604,5.21540641784668e-08,3.725290298461914e-09,3.725290298461914e-09,0.08367564529180527,0.1432539001107216,3.725290298461914e-09,3.725290298461914e-09,3.725290298461914e-09,0.0018163397908210754,3.725290298461914e-09,0.04551969841122627,3.725290298461914e-09,3.3676624298095703e-06,7.450580596923828e-09,0.013825550675392151,0.5503522604703903
