,GLCptspp,PGI,PFK,FBA,TPI,PGK,GAPD,ENO,PGM,PYK,PDH,G6PDH2r,PGL,GND,RPE,RPI,TKT1,TALA,TKT2,CS,ACONTb,ACONTa,ICDHyr,SUCOAS,AKGDH,SUCDi,FUM,MDH,PPC,ME2,ICL,MALS,ACKr,PTAr,LDH_D,ACALD,ALCD2x,EX_co2_e_,EX_etoh_e_,EX_ac_e_,EX_lac_D_e_,EX_succ_e_,EX_pyr_e_,EX_for_e_,Ec_biomass_iAF1260_core_59p81M
score,208.0,203.0,21.0,21.0,213.0,209.0,209.0,211.0,211.0,0.0,62.0,203.0,203.0,203.0,212.0,199.0,210.0,210.0,212.0,17.0,17.0,17.0,58.0,41.0,56.0,14.0,33.0,15.0,61.0,127.0,49.0,49.0,91.0,91.0,0.0,155.0,155.0,71.0,152.0,57.0,0.0,167.0,192.0,210.0,96.0
pvalue,0.8480112254619598,0.7655419819056988,1.6652047634124756e-06,1.6652047634124756e-06,0.9321278370916843,0.8647311441600323,0.8647311441600323,0.8983406014740467,0.8983406014740467,3.725290298461914e-09,0.0004079751670360565,0.7655419819056988,0.7655419819056988,0.7655419819056988,0.9152156375348568,0.7013288475573063,0.8815100230276585,0.8815100230276585,0.9152156375348568,7.711350917816162e-07,7.711350917816162e-07,7.711350917816162e-07,0.00026926398277282715,3.628432750701904e-05,0.00021718069911003113,4.0978193283081055e-07,1.1928379535675049e-05,5.103647708892822e-07,0.000368364155292511,0.05064401775598526,9.822472929954529e-05,9.822472929954529e-05,0.00516427680850029,0.00516427680850029,3.725290298461914e-09,0.18283364921808243,0.18283364921808243,0.0009746924042701721,0.16216303035616875,0.00024197623133659363,3.725290298461914e-09,0.2842625416815281,0.5940011255443096,0.8815100230276585,0.007456466555595398
