,GLCptspp,PGI,PFK,FBA,TPI,PGK,GAPD,ENO,PGM,PYK,PDH,G6PDH2r,PGL,GND,RPE,RPI,TKT1,TALA,TKT2,CS,ACONTb,ACONTa,ICDHyr,SUCOAS,AKGDH,SUCDi,FUM,MDH,PPC,ME2,ICL,MALS,ACKr,PTAr,LDH_D,ACALD,ALCD2x,EX_co2_e_,EX_etoh_e_,EX_ac_e_,EX_lac_D_e_,EX_succ_e_,EX_pyr_e_,EX_for_e_,Ec_biomass_iAF1260_core_59p81M
score,132.0,152.0,28.0,28.0,161.0,164.0,164.0,144.0,144.0,0.0,31.0,184.0,161.0,161.0,183.0,151.0,183.0,183.0,179.0,0.0,0.0,0.0,15.0,3.0,10.0,0.0,4.0,0.0,9.0,0.0,0.0,0.0,104.0,104.0,0.0,0.0,0.0,71.0,0.0,65.0,0.0,0.0,91.0,84.0,107.0
pvalue,0.06551516801118851,0.16216303035616875,5.5246055126190186e-06,5.5246055126190186e-06,0.2297072820365429,0.25600792095065117,0.25600792095065117,0.1154516153037548,0.1154516153037548,3.725290298461914e-09,8.83638858795166e-06,0.48119615763425827,0.2297072820365429,0.2297072820365429,0.46793800592422485,0.1556677184998989,0.46793800592422485,0.46793800592422485,0.41691966354846954,3.725290298461914e-09,3.725290298461914e-09,3.725290298461914e-09,5.103647708892822e-07,1.862645149230957e-08,1.601874828338623e-07,3.725290298461914e-09,2.60770320892334e-08,3.725290298461914e-09,1.2293457984924316e-07,3.725290298461914e-09,3.725290298461914e-09,3.725290298461914e-09,0.012943167239427567,0.012943167239427567,3.725290298461914e-09,3.725290298461914e-09,3.725290298461914e-09,0.0009746924042701721,3.725290298461914e-09,0.0005505755543708801,3.725290298461914e-09,3.725290298461914e-09,0.00516427680850029,0.0029922761023044586,0.01574459671974182
