,GLCptspp,PGI,PFK,FBA,TPI,PGK,GAPD,ENO,PGM,PYK,PDH,G6PDH2r,PGL,GND,RPE,RPI,TKT1,TALA,TKT2,CS,ACONTb,ACONTa,ICDHyr,SUCOAS,AKGDH,SUCDi,FUM,MDH,PPC,ME2,ICL,MALS,ACKr,PTAr,LDH_D,ACALD,ALCD2x,EX_co2_e_,EX_etoh_e_,EX_ac_e_,EX_lac_D_e_,EX_succ_e_,EX_pyr_e_,EX_for_e_,Ec_biomass_iAF1260_core_59p81M
score,128.0,144.0,37.0,37.0,150.0,142.0,142.0,136.0,136.0,0.0,45.0,153.0,146.0,146.0,149.0,141.0,154.0,154.0,143.0,0.0,0.0,0.0,22.0,3.0,13.0,0.0,7.0,0.0,10.0,0.0,0.0,0.0,90.0,90.0,0.0,14.0,14.0,76.0,1.0,79.0,0.0,0.0,1.0,85.0,128.0
pvalue,0.05337592214345932,0.1154516153037548,2.1148473024368286e-05,2.1148473024368286e-05,0.14936558529734612,0.10555979982018471,0.10555979982018471,0.07975950092077255,0.07975950092077255,3.725290298461914e-09,6.0480087995529175e-05,0.16885415464639664,0.1260332576930523,0.1260332576930523,0.1432539001107216,0.1008644811809063,0.17574355751276016,0.17574355751276016,0.1104210764169693,3.725290298461914e-09,3.725290298461914e-09,3.725290298461914e-09,1.996755599975586e-06,1.862645149230957e-08,3.2782554626464844e-07,3.725290298461914e-09,7.078051567077637e-08,3.725290298461914e-09,1.601874828338623e-07,3.725290298461914e-09,3.725290298461914e-09,3.725290298461914e-09,0.004787962883710861,0.004787962883710861,3.725290298461914e-09,4.0978193283081055e-07,4.0978193283081055e-07,0.0015273615717887878,7.450580596923828e-09,0.0019781142473220825,3.725290298461914e-09,3.725290298461914e-09,7.450580596923828e-09,0.0032424964010715485,0.05337592214345932
