,GLCptspp,PGI,PFK,FBA,TPI,PGK,GAPD,ENO,PGM,PYK,PDH,G6PDH2r,PGL,GND,RPE,RPI,TKT1,TALA,TKT2,CS,ACONTb,ACONTa,ICDHyr,SUCOAS,AKGDH,SUCDi,FUM,MDH,PPC,ME2,ICL,MALS,ACKr,PTAr,LDH_D,ACALD,ALCD2x,EX_co2_e_,EX_etoh_e_,EX_ac_e_,EX_lac_D_e_,EX_succ_e_,EX_pyr_e_,EX_for_e_,Ec_biomass_iAF1260_core_59p81M
score,125.0,147.0,35.0,35.0,137.0,135.0,135.0,124.0,124.0,0.0,38.0,162.0,200.0,200.0,188.0,197.0,181.0,181.0,198.0,0.0,0.0,0.0,11.0,4.0,6.0,0.0,3.0,0.0,30.0,0.0,0.0,0.0,97.0,97.0,0.0,0.0,0.0,75.0,0.0,73.0,0.0,3.0,78.0,84.0,186.0
pvalue,0.04551969841122627,0.13159068673849106,1.5951693058013916e-05,1.5951693058013916e-05,0.08367564529180527,0.07598886638879776,0.07598886638879776,0.04312055930495262,0.04312055930495262,3.725290298461914e-09,2.4273991584777832e-05,0.23825867101550102,0.7172092758119106,0.7172092758119106,0.5361509844660759,0.6699504218995571,0.44202057644724846,0.44202057644724846,0.6855739243328571,3.725290298461914e-09,3.725290298461914e-09,3.725290298461914e-09,2.0489096641540527e-07,2.60770320892334e-08,5.21540641784668e-08,3.725290298461914e-09,1.862645149230957e-08,3.725290298461914e-09,7.577240467071533e-06,3.725290298461914e-09,3.725290298461914e-09,3.725290298461914e-09,0.008007697761058807,0.008007697761058807,3.725290298461914e-09,3.725290298461914e-09,3.725290298461914e-09,0.0013987235724925995,3.725290298461914e-09,0.0011698119342327118,3.725290298461914e-09,1.862645149230957e-08,0.0018163397908210754,0.0029922761023044586,0.5082960315048695
