,GLCptspp,PGI,PFK,FBA,TPI,PGK,GAPD,ENO,PGM,PYK,PDH,G6PDH2r,PGL,GND,RPE,RPI,TKT1,TALA,TKT2,CS,ACONTb,ACONTa,ICDHyr,SUCOAS,AKGDH,SUCDi,FUM,MDH,PPC,ME2,ICL,MALS,ACKr,PTAr,LDH_D,ACALD,ALCD2x,EX_co2_e_,EX_etoh_e_,EX_ac_e_,EX_lac_D_e_,EX_succ_e_,EX_pyr_e_,EX_for_e_,Ec_biomass_iAF1260_core_59p81M
score,183.0,168.0,28.0,28.0,201.0,212.0,212.0,187.0,187.0,0.0,30.0,170.0,146.0,146.0,158.0,132.0,163.0,163.0,156.0,1.0,1.0,1.0,19.0,8.0,18.0,1.0,4.0,0.0,3.0,0.0,0.0,0.0,104.0,104.0,0.0,0.0,0.0,61.0,0.0,61.0,0.0,3.0,171.0,84.0,87.0
pvalue,0.46793800592422485,0.2941182516515255,5.5246055126190186e-06,5.5246055126190186e-06,0.7332091443240643,0.9152156375348568,0.9152156375348568,0.522130947560072,0.522130947560072,3.725290298461914e-09,7.577240467071533e-06,0.31448761001229286,0.1260332576930523,0.1260332576930523,0.2053302302956581,0.06551516801118851,0.24702516570687294,0.24702516570687294,0.19012672826647758,7.450580596923828e-09,7.450580596923828e-09,7.450580596923828e-09,1.1436641216278076e-06,9.313225746154785e-08,9.424984455108643e-07,7.450580596923828e-09,2.60770320892334e-08,3.725290298461914e-09,1.862645149230957e-08,3.725290298461914e-09,3.725290298461914e-09,3.725290298461914e-09,0.012943167239427567,0.012943167239427567,3.725290298461914e-09,3.725290298461914e-09,3.725290298461914e-09,0.000368364155292511,3.725290298461914e-09,0.000368364155292511,3.725290298461914e-09,1.862645149230957e-08,0.32500122487545013,0.0029922761023044586,0.0037983879446983337
