,GLCptspp,PGI,PFK,FBA,TPI,PGK,GAPD,ENO,PGM,PYK,PDH,G6PDH2r,PGL,GND,RPE,RPI,TKT1,TALA,TKT2,CS,ACONTb,ACONTa,ICDHyr,SUCOAS,AKGDH,SUCDi,FUM,MDH,PPC,ME2,ICL,MALS,ACKr,PTAr,LDH_D,ACALD,ALCD2x,EX_co2_e_,EX_etoh_e_,EX_ac_e_,EX_lac_D_e_,EX_succ_e_,EX_pyr_e_,EX_for_e_,Ec_biomass_iAF1260_core_59p81M
score,204.0,161.0,43.0,43.0,133.0,189.0,206.0,204.0,191.0,0.0,62.0,211.0,188.0,188.0,167.0,169.0,197.0,197.0,163.0,20.0,20.0,20.0,52.0,5.0,41.0,9.0,30.0,12.0,130.0,15.0,0.0,0.0,137.0,149.0,0.0,0.0,0.0,85.0,0.0,125.0,0.0,0.0,1.0,104.0,189.0
pvalue,0.7818621210753918,0.2297072820365429,4.700571298599243e-05,4.700571298599243e-05,0.0688701830804348,0.5503522604703903,0.8147765882313251,0.7818621210753918,0.5792817249894142,3.725290298461914e-09,0.0004079751670360565,0.8983406014740467,0.5361509844660759,0.5361509844660759,0.2842625416815281,0.30419324710965157,0.6699504218995571,0.6699504218995571,0.24702516570687294,1.3820827007293701e-06,1.3820827007293701e-06,1.3820827007293701e-06,0.0001391395926475525,3.725290298461914e-08,3.628432750701904e-05,1.2293457984924316e-07,7.577240467071533e-06,2.60770320892334e-07,0.05919632688164711,5.103647708892822e-07,3.725290298461914e-09,3.725290298461914e-09,0.08367564529180527,0.1432539001107216,3.725290298461914e-09,3.725290298461914e-09,3.725290298461914e-09,0.0032424964010715485,3.725290298461914e-09,0.04551969841122627,3.725290298461914e-09,3.725290298461914e-09,7.450580596923828e-09,0.012943167239427567,0.5503522604703903
