,GLCptspp,PGI,PFK,FBA,TPI,PGK,GAPD,ENO,PGM,PYK,PDH,G6PDH2r,PGL,GND,RPE,RPI,TKT1,TALA,TKT2,CS,ACONTb,ACONTa,ICDHyr,SUCOAS,AKGDH,SUCDi,FUM,MDH,PPC,ME2,ICL,MALS,ACKr,PTAr,LDH_D,ACALD,ALCD2x,EX_co2_e_,EX_etoh_e_,EX_ac_e_,EX_lac_D_e_,EX_succ_e_,EX_pyr_e_,EX_for_e_,Ec_biomass_iAF1260_core_59p81M
score,210.0,207.0,39.0,39.0,179.0,178.0,161.0,175.0,175.0,0.0,46.0,157.0,184.0,184.0,181.0,212.0,177.0,177.0,205.0,3.0,3.0,3.0,25.0,23.0,30.0,1.0,22.0,3.0,131.0,15.0,0.0,0.0,137.0,149.0,0.0,0.0,0.0,73.0,0.0,125.0,0.0,0.0,1.0,104.0,189.0
pvalue,0.8815100230276585,0.83135736733675,2.780929207801819e-05,2.780929207801819e-05,0.41691966354846954,0.40468135103583336,0.2297072820365429,0.3692382462322712,0.3692382462322712,3.725290298461914e-09,6.843358278274536e-05,0.19762490689754486,0.48119615763425827,0.48119615763425827,0.44202057644724846,0.9152156375348568,0.39265386015176773,0.39265386015176773,0.7982758991420269,1.862645149230957e-08,1.862645149230957e-08,1.862645149230957e-08,3.3676624298095703e-06,2.384185791015625e-06,7.577240467071533e-06,7.450580596923828e-09,1.996755599975586e-06,1.862645149230957e-08,0.0622917003929615,5.103647708892822e-07,3.725290298461914e-09,3.725290298461914e-09,0.08367564529180527,0.1432539001107216,3.725290298461914e-09,3.725290298461914e-09,3.725290298461914e-09,0.0011698119342327118,3.725290298461914e-09,0.04551969841122627,3.725290298461914e-09,3.725290298461914e-09,7.450580596923828e-09,0.012943167239427567,0.5503522604703903
