,GLCptspp,PGI,PFK,FBA,TPI,PGK,GAPD,ENO,PGM,PYK,PDH,G6PDH2r,PGL,GND,RPE,RPI,TKT1,TALA,TKT2,CS,ACONTb,ACONTa,ICDHyr,SUCOAS,AKGDH,SUCDi,FUM,MDH,PPC,ME2,ICL,MALS,ACKr,PTAr,LDH_D,ACALD,ALCD2x,EX_co2_e_,EX_etoh_e_,EX_ac_e_,EX_lac_D_e_,EX_succ_e_,EX_pyr_e_,EX_for_e_,Ec_biomass_iAF1260_core_59p81M
score,115.0,118.0,42.0,42.0,112.0,111.0,111.0,106.0,104.0,0.0,44.0,203.0,196.0,196.0,214.0,195.0,206.0,215.0,186.0,1.0,1.0,1.0,6.0,0.0,3.0,0.0,4.0,1.0,30.0,0.0,0.0,0.0,91.0,91.0,0.0,0.0,0.0,74.0,0.0,77.0,0.0,0.0,1.0,84.0,186.0
pvalue,0.025833535939455032,0.03080105036497116,4.13358211517334e-05,4.13358211517334e-05,0.021553177386522293,0.020265981554985046,0.020265981554985046,0.014758598059415817,0.012943167239427567,3.725290298461914e-09,5.336105823516846e-05,0.7655419819056988,0.6544641703367233,0.6544641703367233,0.9490697756409645,0.6391207613050938,0.8147765882313251,0.966034073382616,0.5082960315048695,7.450580596923828e-09,7.450580596923828e-09,7.450580596923828e-09,5.21540641784668e-08,3.725290298461914e-09,1.862645149230957e-08,3.725290298461914e-09,2.60770320892334e-08,7.450580596923828e-09,7.577240467071533e-06,3.725290298461914e-09,3.725290298461914e-09,3.725290298461914e-09,0.00516427680850029,0.00516427680850029,3.725290298461914e-09,3.725290298461914e-09,3.725290298461914e-09,0.0012797452509403229,3.725290298461914e-09,0.001666329801082611,3.725290298461914e-09,3.725290298461914e-09,7.450580596923828e-09,0.0029922761023044586,0.5082960315048695
