,GLCptspp,PGI,PFK,FBA,TPI,PGK,GAPD,ENO,PGM,PYK,PDH,G6PDH2r,PGL,GND,RPE,RPI,TKT1,TALA,TKT2,CS,ACONTb,ACONTa,ICDHyr,SUCOAS,AKGDH,SUCDi,FUM,MDH,PPC,ME2,ICL,MALS,ACKr,PTAr,LDH_D,ACALD,ALCD2x,EX_co2_e_,EX_etoh_e_,EX_ac_e_,EX_lac_D_e_,EX_succ_e_,EX_pyr_e_,EX_for_e_,Ec_biomass_iAF1260_core_59p81M
score,162.0,174.0,27.0,27.0,190.0,197.0,197.0,168.0,168.0,0.0,33.0,172.0,146.0,146.0,165.0,129.0,166.0,166.0,166.0,0.0,0.0,0.0,24.0,6.0,20.0,0.0,6.0,0.0,4.0,0.0,0.0,0.0,104.0,104.0,0.0,0.0,0.0,66.0,0.0,68.0,0.0,3.0,171.0,88.0,91.0
pvalue,0.23825867101550102,0.35785307362675667,4.697591066360474e-06,4.697591066360474e-06,0.5647306069731712,0.6699504218995571,0.6699504218995571,0.2941182516515255,0.2941182516515255,3.725290298461914e-09,1.1928379535675049e-05,0.33573371544480324,0.1260332576930523,0.1260332576930523,0.2652079239487648,0.05622555688023567,0.27462591975927353,0.27462591975927353,0.27462591975927353,3.725290298461914e-09,3.725290298461914e-09,3.725290298461914e-09,2.8386712074279785e-06,5.21540641784668e-08,1.3820827007293701e-06,3.725290298461914e-09,5.21540641784668e-08,3.725290298461914e-09,2.60770320892334e-08,3.725290298461914e-09,3.725290298461914e-09,3.725290298461914e-09,0.012943167239427567,0.012943167239427567,3.725290298461914e-09,3.725290298461914e-09,3.725290298461914e-09,0.0006071217358112335,3.725290298461914e-09,0.0007359124720096588,3.725290298461914e-09,1.862645149230957e-08,0.32500122487545013,0.004106286913156509,0.00516427680850029
