,GLCptspp,PGI,PFK,FBA,TPI,PGK,GAPD,ENO,PGM,PYK,PDH,G6PDH2r,PGL,GND,RPE,RPI,TKT1,TALA,TKT2,CS,ACONTb,ACONTa,ICDHyr,SUCOAS,AKGDH,SUCDi,FUM,MDH,PPC,ME2,ICL,MALS,ACKr,PTAr,LDH_D,ACALD,ALCD2x,EX_co2_e_,EX_etoh_e_,EX_ac_e_,EX_lac_D_e_,EX_succ_e_,EX_pyr_e_,EX_for_e_,Ec_biomass_iAF1260_core_59p81M
score,200.0,194.0,45.0,45.0,187.0,202.0,202.0,189.0,189.0,0.0,63.0,213.0,185.0,185.0,196.0,178.0,199.0,199.0,195.0,25.0,25.0,25.0,103.0,85.0,96.0,17.0,58.0,4.0,58.0,89.0,39.0,39.0,92.0,92.0,0.0,127.0,127.0,67.0,136.0,45.0,0.0,131.0,199.0,206.0,103.0
pvalue,0.7172092758119106,0.6239256113767624,6.0480087995529175e-05,6.0480087995529175e-05,0.522130947560072,0.7493221610784531,0.7493221610784531,0.5503522604703903,0.5503522604703903,3.725290298461914e-09,0.0004513449966907501,0.9321278370916843,0.4946499206125736,0.4946499206125736,0.6544641703367233,0.40468135103583336,0.7013288475573063,0.7013288475573063,0.6391207613050938,3.3676624298095703e-06,3.3676624298095703e-06,3.3676624298095703e-06,0.012109261006116867,0.0032424964010715485,0.007456466555595398,7.711350917816162e-07,0.00026926398277282715,2.60770320892334e-08,0.00026926398277282715,0.004435725510120392,2.780929207801819e-05,2.780929207801819e-05,0.005566027015447617,0.005566027015447617,3.725290298461914e-09,0.05064401775598526,0.05064401775598526,0.0006687678396701813,0.07975950092077255,6.0480087995529175e-05,3.725290298461914e-09,0.0622917003929615,0.7013288475573063,0.8147765882313251,0.012109261006116867
