,GLCptspp,PGI,PFK,FBA,TPI,PGK,GAPD,ENO,PGM,PYK,PDH,G6PDH2r,PGL,GND,RPE,RPI,TKT1,TALA,TKT2,CS,ACONTb,ACONTa,ICDHyr,SUCOAS,AKGDH,SUCDi,FUM,MDH,PPC,ME2,ICL,MALS,ACKr,PTAr,LDH_D,ACALD,ALCD2x,EX_co2_e_,EX_etoh_e_,EX_ac_e_,EX_lac_D_e_,EX_succ_e_,EX_pyr_e_,EX_for_e_,Ec_biomass_iAF1260_core_59p81M
score,171.0,186.0,54.0,54.0,160.0,136.0,125.0,146.0,147.0,0.0,103.0,212.0,176.0,176.0,163.0,145.0,175.0,175.0,157.0,16.0,16.0,16.0,81.0,60.0,69.0,11.0,42.0,3.0,3.0,16.0,0.0,0.0,89.0,89.0,0.0,0.0,0.0,80.0,0.0,66.0,0.0,47.0,1.0,107.0,69.0
pvalue,0.32500122487545013,0.5082960315048695,0.0001742914319038391,0.0001742914319038391,0.22136975452303886,0.07975950092077255,0.04551969841122627,0.1260332576930523,0.13159068673849106,3.725290298461914e-09,0.012109261006116867,0.9152156375348568,0.38083895295858383,0.38083895295858383,0.24702516570687294,0.12065461277961731,0.3692382462322712,0.3692382462322712,0.19762490689754486,6.295740604400635e-07,6.295740604400635e-07,6.295740604400635e-07,0.00234014168381691,0.00033221766352653503,0.0008089840412139893,2.0489096641540527e-07,4.13358211517334e-05,1.862645149230957e-08,1.862645149230957e-08,6.295740604400635e-07,3.725290298461914e-09,3.725290298461914e-09,0.004435725510120392,0.004435725510120392,3.725290298461914e-09,3.725290298461914e-09,3.725290298461914e-09,0.002152439206838608,3.725290298461914e-09,0.0006071217358112335,3.725290298461914e-09,7.73109495639801e-05,7.450580596923828e-09,0.01574459671974182,0.0008089840412139893
