,GLCptspp,PGI,PFK,FBA,TPI,PGK,GAPD,ENO,PGM,PYK,PDH,G6PDH2r,PGL,GND,RPE,RPI,TKT1,TALA,TKT2,CS,ACONTb,ACONTa,ICDHyr,SUCOAS,AKGDH,SUCDi,FUM,MDH,PPC,ME2,ICL,MALS,ACKr,PTAr,LDH_D,ACALD,ALCD2x,EX_co2_e_,EX_etoh_e_,EX_ac_e_,EX_lac_D_e_,EX_succ_e_,EX_pyr_e_,EX_for_e_,Ec_biomass_iAF1260_core_59p81M
score,177.0,173.0,30.0,30.0,191.0,197.0,197.0,172.0,172.0,0.0,37.0,182.0,150.0,150.0,166.0,148.0,168.0,168.0,157.0,3.0,3.0,3.0,23.0,8.0,18.0,0.0,9.0,0.0,5.0,0.0,0.0,0.0,104.0,104.0,0.0,0.0,0.0,69.0,0.0,65.0,0.0,0.0,136.0,87.0,99.0
pvalue,0.39265386015176773,0.346684567630291,7.577240467071533e-06,7.577240467071533e-06,0.5792817249894142,0.6699504218995571,0.6699504218995571,0.33573371544480324,0.33573371544480324,3.725290298461914e-09,2.1148473024368286e-05,0.4548785090446472,0.14936558529734612,0.14936558529734612,0.27462591975927353,0.13732990622520447,0.2941182516515255,0.2941182516515255,0.19762490689754486,1.862645149230957e-08,1.862645149230957e-08,1.862645149230957e-08,2.384185791015625e-06,9.313225746154785e-08,9.424984455108643e-07,3.725290298461914e-09,1.2293457984924316e-07,3.725290298461914e-09,3.725290298461914e-08,3.725290298461914e-09,3.725290298461914e-09,3.725290298461914e-09,0.012943167239427567,0.012943167239427567,3.725290298461914e-09,3.725290298461914e-09,3.725290298461914e-09,0.0008089840412139893,3.725290298461914e-09,0.0005505755543708801,3.725290298461914e-09,3.725290298461914e-09,0.07975950092077255,0.0037983879446983337,0.009216241538524628
