,GLCptspp,PGI,PFK,FBA,TPI,PGK,GAPD,ENO,PGM,PYK,PDH,G6PDH2r,PGL,GND,RPE,RPI,TKT1,TALA,TKT2,CS,ACONTb,ACONTa,ICDHyr,SUCOAS,AKGDH,SUCDi,FUM,MDH,PPC,ME2,ICL,MALS,ACKr,PTAr,LDH_D,ACALD,ALCD2x,EX_co2_e_,EX_etoh_e_,EX_ac_e_,EX_lac_D_e_,EX_succ_e_,EX_pyr_e_,EX_for_e_,Ec_biomass_iAF1260_core_59p81M
score,125.0,141.0,26.0,26.0,140.0,142.0,142.0,122.0,122.0,0.0,32.0,167.0,199.0,199.0,187.0,209.0,181.0,181.0,197.0,0.0,0.0,0.0,9.0,0.0,5.0,0.0,0.0,0.0,22.0,0.0,0.0,0.0,103.0,103.0,0.0,0.0,0.0,66.0,0.0,81.0,0.0,0.0,66.0,84.0,162.0
pvalue,0.04551969841122627,0.1008644811809063,3.982335329055786e-06,3.982335329055786e-06,0.09633177518844604,0.10555979982018471,0.10555979982018471,0.038631681352853775,0.038631681352853775,3.725290298461914e-09,1.0278075933456421e-05,0.2842625416815281,0.7013288475573063,0.7013288475573063,0.522130947560072,0.8647311441600323,0.44202057644724846,0.44202057644724846,0.6699504218995571,3.725290298461914e-09,3.725290298461914e-09,3.725290298461914e-09,1.2293457984924316e-07,3.725290298461914e-09,3.725290298461914e-08,3.725290298461914e-09,3.725290298461914e-09,3.725290298461914e-09,1.996755599975586e-06,3.725290298461914e-09,3.725290298461914e-09,3.725290298461914e-09,0.012109261006116867,0.012109261006116867,3.725290298461914e-09,3.725290298461914e-09,3.725290298461914e-09,0.0006071217358112335,3.725290298461914e-09,0.00234014168381691,3.725290298461914e-09,3.725290298461914e-09,0.0006071217358112335,0.0029922761023044586,0.23825867101550102
