,GLCptspp,PGI,PFK,FBA,TPI,PGK,GAPD,ENO,PGM,PYK,PDH,G6PDH2r,PGL,GND,RPE,RPI,TKT1,TALA,TKT2,CS,ACONTb,ACONTa,ICDHyr,SUCOAS,AKGDH,SUCDi,FUM,MDH,PPC,ME2,ICL,MALS,ACKr,PTAr,LDH_D,ACALD,ALCD2x,EX_co2_e_,EX_etoh_e_,EX_ac_e_,EX_lac_D_e_,EX_succ_e_,EX_pyr_e_,EX_for_e_,Ec_biomass_iAF1260_core_59p81M
score,206.0,199.0,97.0,97.0,204.0,208.0,208.0,202.0,202.0,1.0,111.0,216.0,198.0,198.0,205.0,184.0,206.0,206.0,206.0,75.0,75.0,75.0,130.0,108.0,124.0,68.0,96.0,39.0,69.0,71.0,34.0,34.0,88.0,88.0,0.0,141.0,141.0,86.0,135.0,38.0,0.0,160.0,203.0,207.0,121.0
pvalue,0.8147765882313251,0.7013288475573063,0.008007697761058807,0.008007697761058807,0.7818621210753918,0.8480112254619598,0.8480112254619598,0.7493221610784531,0.7493221610784531,7.450580596923828e-09,0.020265981554985046,0.983013316988945,0.6855739243328571,0.6855739243328571,0.7982758991420269,0.48119615763425827,0.8147765882313251,0.8147765882313251,0.8147765882313251,0.0013987235724925995,0.0013987235724925995,0.0013987235724925995,0.05919632688164711,0.01678590476512909,0.04312055930495262,0.0007359124720096588,0.007456466555595398,2.780929207801819e-05,0.0008089840412139893,0.0009746924042701721,1.3809651136398315e-05,1.3809651136398315e-05,0.004106286913156509,0.004106286913156509,3.725290298461914e-09,0.1008644811809063,0.1008644811809063,0.0035108327865600586,0.07598886638879776,2.4273991584777832e-05,3.725290298461914e-09,0.22136975452303886,0.7655419819056988,0.83135736733675,0.03653542697429657
