,GLCptspp,PGI,PFK,FBA,TPI,PGK,GAPD,ENO,PGM,PYK,PDH,G6PDH2r,PGL,GND,RPE,RPI,TKT1,TALA,TKT2,CS,ACONTb,ACONTa,ICDHyr,SUCOAS,AKGDH,SUCDi,FUM,MDH,PPC,ME2,ICL,MALS,ACKr,PTAr,LDH_D,ACALD,ALCD2x,EX_co2_e_,EX_etoh_e_,EX_ac_e_,EX_lac_D_e_,EX_succ_e_,EX_pyr_e_,EX_for_e_,Ec_biomass_iAF1260_core_59p81M
score,183.0,140.0,2.0,2.0,180.0,205.0,205.0,180.0,180.0,29.0,65.0,166.0,146.0,146.0,151.0,147.0,152.0,152.0,152.0,28.0,28.0,28.0,71.0,48.0,66.0,28.0,32.0,29.0,41.0,63.0,23.0,23.0,92.0,92.0,0.0,160.0,160.0,92.0,141.0,47.0,0.0,203.0,209.0,202.0,111.0
pvalue,0.46793800592422485,0.09633177518844604,1.1175870895385742e-08,1.1175870895385742e-08,0.4293668270111084,0.7982758991420269,0.7982758991420269,0.4293668270111084,0.4293668270111084,6.4782798290252686e-06,0.0005505755543708801,0.27462591975927353,0.1260332576930523,0.1260332576930523,0.1556677184998989,0.13159068673849106,0.16216303035616875,0.16216303035616875,0.16216303035616875,5.5246055126190186e-06,5.5246055126190186e-06,5.5246055126190186e-06,0.0009746924042701721,8.720904588699341e-05,0.0006071217358112335,5.5246055126190186e-06,1.0278075933456421e-05,6.4782798290252686e-06,3.628432750701904e-05,0.0004513449966907501,2.384185791015625e-06,2.384185791015625e-06,0.005566027015447617,0.005566027015447617,3.725290298461914e-09,0.22136975452303886,0.22136975452303886,0.005566027015447617,0.1008644811809063,7.73109495639801e-05,3.725290298461914e-09,0.7655419819056988,0.8647311441600323,0.7493221610784531,0.020265981554985046
