,GLCptspp,PGI,PFK,FBA,TPI,PGK,GAPD,ENO,PGM,PYK,PDH,G6PDH2r,PGL,GND,RPE,RPI,TKT1,TALA,TKT2,CS,ACONTb,ACONTa,ICDHyr,SUCOAS,AKGDH,SUCDi,FUM,MDH,PPC,ME2,ICL,MALS,ACKr,PTAr,LDH_D,ACALD,ALCD2x,EX_co2_e_,EX_etoh_e_,EX_ac_e_,EX_lac_D_e_,EX_succ_e_,EX_pyr_e_,EX_for_e_,Ec_biomass_iAF1260_core_59p81M
score,197.0,175.0,27.0,27.0,217.0,205.0,205.0,204.0,204.0,0.0,32.0,163.0,140.0,140.0,152.0,137.0,160.0,160.0,148.0,2.0,2.0,2.0,21.0,8.0,19.0,1.0,7.0,0.0,5.0,0.0,0.0,0.0,102.0,102.0,0.0,0.0,0.0,62.0,0.0,67.0,0.0,0.0,136.0,84.0,100.0
pvalue,0.6699504218995571,0.3692382462322712,4.697591066360474e-06,4.697591066360474e-06,1.0,0.7982758991420269,0.7982758991420269,0.7818621210753918,0.7818621210753918,3.725290298461914e-09,1.0278075933456421e-05,0.24702516570687294,0.09633177518844604,0.09633177518844604,0.16216303035616875,0.08367564529180527,0.22136975452303886,0.22136975452303886,0.13732990622520447,1.1175870895385742e-08,1.1175870895385742e-08,1.1175870895385742e-08,1.6652047634124756e-06,9.313225746154785e-08,1.1436641216278076e-06,7.450580596923828e-09,7.078051567077637e-08,3.725290298461914e-09,3.725290298461914e-08,3.725290298461914e-09,3.725290298461914e-09,3.725290298461914e-09,0.011321667581796646,0.011321667581796646,3.725290298461914e-09,3.725290298461914e-09,3.725290298461914e-09,0.0004079751670360565,3.725290298461914e-09,0.0006687678396701813,3.725290298461914e-09,3.725290298461914e-09,0.07975950092077255,0.0029922761023044586,0.009877141565084457
