,GLCptspp,PGI,PFK,FBA,TPI,PGK,GAPD,ENO,PGM,PYK,PDH,G6PDH2r,PGL,GND,RPE,RPI,TKT1,TALA,TKT2,CS,ACONTb,ACONTa,ICDHyr,SUCOAS,AKGDH,SUCDi,FUM,MDH,PPC,ME2,ICL,MALS,ACKr,PTAr,LDH_D,ACALD,ALCD2x,EX_co2_e_,EX_etoh_e_,EX_ac_e_,EX_lac_D_e_,EX_succ_e_,EX_pyr_e_,EX_for_e_,Ec_biomass_iAF1260_core_59p81M
score,199.0,194.0,45.0,45.0,188.0,166.0,166.0,182.0,182.0,0.0,94.0,157.0,154.0,154.0,159.0,143.0,169.0,169.0,165.0,42.0,42.0,42.0,109.0,81.0,102.0,31.0,61.0,19.0,15.0,136.0,6.0,6.0,111.0,111.0,0.0,0.0,0.0,62.0,159.0,19.0,0.0,29.0,29.0,75.0,98.0
pvalue,0.7013288475573063,0.6239256113767624,6.0480087995529175e-05,6.0480087995529175e-05,0.5361509844660759,0.27462591975927353,0.27462591975927353,0.4548785090446472,0.4548785090446472,3.725290298461914e-09,0.006451543420553207,0.19762490689754486,0.17574355751276016,0.17574355751276016,0.21324460953474045,0.1104210764169693,0.30419324710965157,0.30419324710965157,0.2652079239487648,4.13358211517334e-05,4.13358211517334e-05,4.13358211517334e-05,0.017884906381368637,0.00234014168381691,0.011321667581796646,8.83638858795166e-06,0.000368364155292511,1.1436641216278076e-06,5.103647708892822e-07,0.07975950092077255,5.21540641784668e-08,5.21540641784668e-08,0.020265981554985046,0.020265981554985046,3.725290298461914e-09,3.725290298461914e-09,3.725290298461914e-09,0.0004079751670360565,0.21324460953474045,1.1436641216278076e-06,3.725290298461914e-09,6.4782798290252686e-06,6.4782798290252686e-06,0.0013987235724925995,0.008593697100877762
