,GLCptspp,PGI,PFK,FBA,TPI,PGK,GAPD,ENO,PGM,PYK,PDH,G6PDH2r,PGL,GND,RPE,RPI,TKT1,TALA,TKT2,CS,ACONTb,ACONTa,ICDHyr,SUCOAS,AKGDH,SUCDi,FUM,MDH,PPC,ME2,ICL,MALS,ACKr,PTAr,LDH_D,ACALD,ALCD2x,EX_co2_e_,EX_etoh_e_,EX_ac_e_,EX_lac_D_e_,EX_succ_e_,EX_pyr_e_,EX_for_e_,Ec_biomass_iAF1260_core_59p81M
score,213.0,189.0,46.0,46.0,137.0,165.0,183.0,214.0,157.0,0.0,82.0,216.0,200.0,200.0,181.0,173.0,191.0,191.0,171.0,20.0,20.0,20.0,39.0,22.0,29.0,9.0,30.0,21.0,133.0,27.0,0.0,0.0,137.0,149.0,0.0,0.0,0.0,84.0,46.0,125.0,0.0,22.0,1.0,105.0,189.0
pvalue,0.9321278370916843,0.5503522604703903,6.843358278274536e-05,6.843358278274536e-05,0.08367564529180527,0.2652079239487648,0.46793800592422485,0.9490697756409645,0.19762490689754486,3.725290298461914e-09,0.0025420673191547394,0.983013316988945,0.7172092758119106,0.7172092758119106,0.44202057644724846,0.346684567630291,0.5792817249894142,0.5792817249894142,0.32500122487545013,1.3820827007293701e-06,1.3820827007293701e-06,1.3820827007293701e-06,2.780929207801819e-05,1.996755599975586e-06,6.4782798290252686e-06,1.2293457984924316e-07,7.577240467071533e-06,1.6652047634124756e-06,0.0688701830804348,4.697591066360474e-06,3.725290298461914e-09,3.725290298461914e-09,0.08367564529180527,0.1432539001107216,3.725290298461914e-09,3.725290298461914e-09,3.725290298461914e-09,0.0029922761023044586,6.843358278274536e-05,0.04551969841122627,3.725290298461914e-09,1.996755599975586e-06,7.450580596923828e-09,0.013825550675392151,0.5503522604703903
