,GLCptspp,PGI,PFK,FBA,TPI,PGK,GAPD,ENO,PGM,PYK,PDH,G6PDH2r,PGL,GND,RPE,RPI,TKT1,TALA,TKT2,CS,ACONTb,ACONTa,ICDHyr,SUCOAS,AKGDH,SUCDi,FUM,MDH,PPC,ME2,ICL,MALS,ACKr,PTAr,LDH_D,ACALD,ALCD2x,EX_co2_e_,EX_etoh_e_,EX_ac_e_,EX_lac_D_e_,EX_succ_e_,EX_pyr_e_,EX_for_e_,Ec_biomass_iAF1260_core_59p81M
score,158.0,175.0,51.0,51.0,133.0,117.0,117.0,135.0,135.0,0.0,60.0,206.0,216.0,216.0,201.0,213.0,202.0,202.0,200.0,35.0,35.0,35.0,132.0,93.0,123.0,27.0,74.0,20.0,13.0,105.0,10.0,10.0,111.0,111.0,0.0,0.0,0.0,35.0,57.0,19.0,0.0,110.0,29.0,51.0,101.0
pvalue,0.2053302302956581,0.3692382462322712,0.00012406706809997559,0.00012406706809997559,0.0688701830804348,0.029064036905765533,0.029064036905765533,0.07598886638879776,0.07598886638879776,3.725290298461914e-09,0.00033221766352653503,0.8147765882313251,0.983013316988945,0.983013316988945,0.7332091443240643,0.9321278370916843,0.7493221610784531,0.7493221610784531,0.7172092758119106,1.5951693058013916e-05,1.5951693058013916e-05,1.5951693058013916e-05,0.06551516801118851,0.005994632840156555,0.040825653821229935,4.697591066360474e-06,0.0012797452509403229,1.3820827007293701e-06,3.2782554626464844e-07,0.013825550675392151,1.601874828338623e-07,1.601874828338623e-07,0.020265981554985046,0.020265981554985046,3.725290298461914e-09,3.725290298461914e-09,3.725290298461914e-09,1.5951693058013916e-05,0.00024197623133659363,1.1436641216278076e-06,3.725290298461914e-09,0.01904408261179924,6.4782798290252686e-06,0.00012406706809997559,0.010578293353319168
