,GLCptspp,PGI,PFK,FBA,TPI,PGK,GAPD,ENO,PGM,PYK,PDH,G6PDH2r,PGL,GND,RPE,RPI,TKT1,TALA,TKT2,CS,ACONTb,ACONTa,ICDHyr,SUCOAS,AKGDH,SUCDi,FUM,MDH,PPC,ME2,ICL,MALS,ACKr,PTAr,LDH_D,ACALD,ALCD2x,EX_co2_e_,EX_etoh_e_,EX_ac_e_,EX_lac_D_e_,EX_succ_e_,EX_pyr_e_,EX_for_e_,Ec_biomass_iAF1260_core_59p81M
score,211.0,206.0,61.0,61.0,170.0,171.0,199.0,200.0,166.0,0.0,63.0,156.0,184.0,184.0,181.0,212.0,177.0,177.0,205.0,19.0,19.0,19.0,83.0,14.0,57.0,14.0,54.0,9.0,130.0,15.0,0.0,0.0,137.0,149.0,0.0,0.0,0.0,77.0,0.0,125.0,0.0,0.0,1.0,104.0,189.0
pvalue,0.8983406014740467,0.8147765882313251,0.000368364155292511,0.000368364155292511,0.31448761001229286,0.32500122487545013,0.7013288475573063,0.7172092758119106,0.27462591975927353,3.725290298461914e-09,0.0004513449966907501,0.19012672826647758,0.48119615763425827,0.48119615763425827,0.44202057644724846,0.9152156375348568,0.39265386015176773,0.39265386015176773,0.7982758991420269,1.1436641216278076e-06,1.1436641216278076e-06,1.1436641216278076e-06,0.0027591250836849213,4.0978193283081055e-07,0.00024197623133659363,4.0978193283081055e-07,0.0001742914319038391,1.2293457984924316e-07,0.05919632688164711,5.103647708892822e-07,3.725290298461914e-09,3.725290298461914e-09,0.08367564529180527,0.1432539001107216,3.725290298461914e-09,3.725290298461914e-09,3.725290298461914e-09,0.001666329801082611,3.725290298461914e-09,0.04551969841122627,3.725290298461914e-09,3.725290298461914e-09,7.450580596923828e-09,0.012943167239427567,0.5503522604703903
