,GLCptspp,PGI,PFK,FBA,TPI,PGK,GAPD,ENO,PGM,PYK,PDH,G6PDH2r,PGL,GND,RPE,RPI,TKT1,TALA,TKT2,CS,ACONTb,ACONTa,ICDHyr,SUCOAS,AKGDH,SUCDi,FUM,MDH,PPC,ME2,ICL,MALS,ACKr,PTAr,LDH_D,ACALD,ALCD2x,EX_co2_e_,EX_etoh_e_,EX_ac_e_,EX_lac_D_e_,EX_succ_e_,EX_pyr_e_,EX_for_e_,Ec_biomass_iAF1260_core_59p81M
score,209.0,214.0,57.0,57.0,196.0,188.0,188.0,208.0,208.0,0.0,72.0,182.0,160.0,160.0,160.0,159.0,172.0,172.0,153.0,37.0,37.0,37.0,120.0,89.0,115.0,32.0,71.0,22.0,60.0,153.0,21.0,21.0,89.0,89.0,0.0,0.0,0.0,95.0,204.0,0.0,0.0,84.0,0.0,75.0,103.0
pvalue,0.8647311441600323,0.9490697756409645,0.00024197623133659363,0.00024197623133659363,0.6544641703367233,0.5361509844660759,0.5361509844660759,0.8480112254619598,0.8480112254619598,3.725290298461914e-09,0.001068316400051117,0.4548785090446472,0.22136975452303886,0.22136975452303886,0.22136975452303886,0.21324460953474045,0.33573371544480324,0.33573371544480324,0.16885415464639664,2.1148473024368286e-05,2.1148473024368286e-05,2.1148473024368286e-05,0.03453366830945015,0.004435725510120392,0.025833535939455032,1.0278075933456421e-05,0.0009746924042701721,1.996755599975586e-06,0.00033221766352653503,0.16885415464639664,1.6652047634124756e-06,1.6652047634124756e-06,0.004435725510120392,0.004435725510120392,3.725290298461914e-09,3.725290298461914e-09,3.725290298461914e-09,0.006938289850950241,0.7818621210753918,3.725290298461914e-09,3.725290298461914e-09,0.0029922761023044586,3.725290298461914e-09,0.0013987235724925995,0.012109261006116867
