,GLCptspp,PGI,PFK,FBA,TPI,PGK,GAPD,ENO,PGM,PYK,PDH,G6PDH2r,PGL,GND,RPE,RPI,TKT1,TALA,TKT2,CS,ACONTb,ACONTa,ICDHyr,SUCOAS,AKGDH,SUCDi,FUM,MDH,PPC,ME2,ICL,MALS,ACKr,PTAr,LDH_D,ACALD,ALCD2x,EX_co2_e_,EX_etoh_e_,EX_ac_e_,EX_lac_D_e_,EX_succ_e_,EX_pyr_e_,EX_for_e_,Ec_biomass_iAF1260_core_59p81M
score,208.0,183.0,8.0,8.0,215.0,179.0,179.0,207.0,207.0,0.0,33.0,201.0,194.0,194.0,198.0,183.0,203.0,203.0,199.0,8.0,8.0,8.0,100.0,73.0,91.0,8.0,34.0,2.0,20.0,105.0,15.0,15.0,111.0,111.0,0.0,0.0,0.0,53.0,135.0,20.0,0.0,57.0,29.0,161.0,125.0
pvalue,0.8480112254619598,0.46793800592422485,9.313225746154785e-08,9.313225746154785e-08,0.966034073382616,0.41691966354846954,0.41691966354846954,0.83135736733675,0.83135736733675,3.725290298461914e-09,1.1928379535675049e-05,0.7332091443240643,0.6239256113767624,0.6239256113767624,0.6855739243328571,0.46793800592422485,0.7655419819056988,0.7655419819056988,0.7013288475573063,9.313225746154785e-08,9.313225746154785e-08,9.313225746154785e-08,0.009877141565084457,0.0011698119342327118,0.00516427680850029,9.313225746154785e-08,1.3809651136398315e-05,1.1175870895385742e-08,1.3820827007293701e-06,0.013825550675392151,5.103647708892822e-07,5.103647708892822e-07,0.020265981554985046,0.020265981554985046,3.725290298461914e-09,3.725290298461914e-09,3.725290298461914e-09,0.00015582889318466187,0.07598886638879776,1.3820827007293701e-06,3.725290298461914e-09,0.00024197623133659363,6.4782798290252686e-06,0.2297072820365429,0.04551969841122627
