,GLCptspp,PGI,PFK,FBA,TPI,PGK,GAPD,ENO,PGM,PYK,PDH,G6PDH2r,PGL,GND,RPE,RPI,TKT1,TALA,TKT2,CS,ACONTb,ACONTa,ICDHyr,SUCOAS,AKGDH,SUCDi,FUM,MDH,PPC,ME2,ICL,MALS,ACKr,PTAr,LDH_D,ACALD,ALCD2x,EX_co2_e_,EX_etoh_e_,EX_ac_e_,EX_lac_D_e_,EX_succ_e_,EX_pyr_e_,EX_for_e_,Ec_biomass_iAF1260_core_59p81M
score,117.0,119.0,42.0,42.0,113.0,113.0,113.0,106.0,105.0,0.0,44.0,216.0,178.0,178.0,196.0,195.0,206.0,206.0,186.0,1.0,1.0,1.0,6.0,0.0,3.0,0.0,4.0,1.0,15.0,0.0,0.0,0.0,91.0,91.0,0.0,0.0,0.0,74.0,0.0,77.0,0.0,0.0,1.0,84.0,177.0
pvalue,0.029064036905765533,0.03262323513627052,4.13358211517334e-05,4.13358211517334e-05,0.022908341139554977,0.022908341139554977,0.022908341139554977,0.014758598059415817,0.013825550675392151,3.725290298461914e-09,5.336105823516846e-05,0.983013316988945,0.40468135103583336,0.40468135103583336,0.6544641703367233,0.6391207613050938,0.8147765882313251,0.8147765882313251,0.5082960315048695,7.450580596923828e-09,7.450580596923828e-09,7.450580596923828e-09,5.21540641784668e-08,3.725290298461914e-09,1.862645149230957e-08,3.725290298461914e-09,2.60770320892334e-08,7.450580596923828e-09,5.103647708892822e-07,3.725290298461914e-09,3.725290298461914e-09,3.725290298461914e-09,0.00516427680850029,0.00516427680850029,3.725290298461914e-09,3.725290298461914e-09,3.725290298461914e-09,0.0012797452509403229,3.725290298461914e-09,0.001666329801082611,3.725290298461914e-09,3.725290298461914e-09,7.450580596923828e-09,0.0029922761023044586,0.39265386015176773
