,GLCptspp,PGI,PFK,FBA,TPI,PGK,GAPD,ENO,PGM,PYK,PDH,G6PDH2r,PGL,GND,RPE,RPI,TKT1,TALA,TKT2,CS,ACONTb,ACONTa,ICDHyr,SUCOAS,AKGDH,SUCDi,FUM,MDH,PPC,ME2,ICL,MALS,ACKr,PTAr,LDH_D,ACALD,ALCD2x,EX_co2_e_,EX_etoh_e_,EX_ac_e_,EX_lac_D_e_,EX_succ_e_,EX_pyr_e_,EX_for_e_,Ec_biomass_iAF1260_core_59p81M
score,165.0,186.0,32.0,32.0,193.0,195.0,195.0,172.0,172.0,0.0,32.0,185.0,152.0,152.0,165.0,134.0,171.0,171.0,163.0,0.0,0.0,0.0,28.0,10.0,19.0,0.0,6.0,0.0,4.0,0.0,0.0,0.0,104.0,104.0,0.0,0.0,0.0,68.0,1.0,58.0,0.0,1.0,136.0,85.0,83.0
pvalue,0.2652079239487648,0.5082960315048695,1.0278075933456421e-05,1.0278075933456421e-05,0.608884047716856,0.6391207613050938,0.6391207613050938,0.33573371544480324,0.33573371544480324,3.725290298461914e-09,1.0278075933456421e-05,0.4946499206125736,0.16216303035616875,0.16216303035616875,0.2652079239487648,0.07236024364829063,0.32500122487545013,0.32500122487545013,0.24702516570687294,3.725290298461914e-09,3.725290298461914e-09,3.725290298461914e-09,5.5246055126190186e-06,1.601874828338623e-07,1.1436641216278076e-06,3.725290298461914e-09,5.21540641784668e-08,3.725290298461914e-09,2.60770320892334e-08,3.725290298461914e-09,3.725290298461914e-09,3.725290298461914e-09,0.012943167239427567,0.012943167239427567,3.725290298461914e-09,3.725290298461914e-09,3.725290298461914e-09,0.0007359124720096588,7.450580596923828e-09,0.00026926398277282715,3.725290298461914e-09,7.450580596923828e-09,0.07975950092077255,0.0032424964010715485,0.0027591250836849213
