,GLCptspp,PGI,PFK,FBA,TPI,PGK,GAPD,ENO,PGM,PYK,PDH,G6PDH2r,PGL,GND,RPE,RPI,TKT1,TALA,TKT2,CS,ACONTb,ACONTa,ICDHyr,SUCOAS,AKGDH,SUCDi,FUM,MDH,PPC,ME2,ICL,MALS,ACKr,PTAr,LDH_D,ACALD,ALCD2x,EX_co2_e_,EX_etoh_e_,EX_ac_e_,EX_lac_D_e_,EX_succ_e_,EX_pyr_e_,EX_for_e_,Ec_biomass_iAF1260_core_59p81M
score,130.0,165.0,42.0,42.0,166.0,156.0,156.0,134.0,134.0,0.0,47.0,141.0,120.0,120.0,132.0,126.0,132.0,132.0,131.0,0.0,0.0,0.0,26.0,7.0,15.0,0.0,9.0,1.0,25.0,0.0,0.0,0.0,90.0,90.0,0.0,0.0,0.0,76.0,0.0,71.0,0.0,0.0,1.0,84.0,125.0
pvalue,0.05919632688164711,0.2652079239487648,4.13358211517334e-05,4.13358211517334e-05,0.27462591975927353,0.19012672826647758,0.19012672826647758,0.07236024364829063,0.07236024364829063,3.725290298461914e-09,7.73109495639801e-05,0.1008644811809063,0.03453366830945015,0.03453366830945015,0.06551516801118851,0.04802640900015831,0.06551516801118851,0.06551516801118851,0.0622917003929615,3.725290298461914e-09,3.725290298461914e-09,3.725290298461914e-09,3.982335329055786e-06,7.078051567077637e-08,5.103647708892822e-07,3.725290298461914e-09,1.2293457984924316e-07,7.450580596923828e-09,3.3676624298095703e-06,3.725290298461914e-09,3.725290298461914e-09,3.725290298461914e-09,0.004787962883710861,0.004787962883710861,3.725290298461914e-09,3.725290298461914e-09,3.725290298461914e-09,0.0015273615717887878,3.725290298461914e-09,0.0009746924042701721,3.725290298461914e-09,3.725290298461914e-09,7.450580596923828e-09,0.0029922761023044586,0.04551969841122627
